-- MySQL dump 10.13  Distrib 8.0.22, for Linux (x86_64)
--
-- Host: localhost    Database: talya
-- ------------------------------------------------------
-- Server version	8.0.22

/*!40101 SET @OLD_CHARACTER_SET_CLIENT=@@CHARACTER_SET_CLIENT */;
/*!40101 SET @OLD_CHARACTER_SET_RESULTS=@@CHARACTER_SET_RESULTS */;
/*!40101 SET @OLD_COLLATION_CONNECTION=@@COLLATION_CONNECTION */;
/*!50503 SET NAMES utf8 */;
/*!40103 SET @OLD_TIME_ZONE=@@TIME_ZONE */;
/*!40103 SET TIME_ZONE='+00:00' */;
/*!40014 SET @OLD_UNIQUE_CHECKS=@@UNIQUE_CHECKS, UNIQUE_CHECKS=0 */;
/*!40014 SET @OLD_FOREIGN_KEY_CHECKS=@@FOREIGN_KEY_CHECKS, FOREIGN_KEY_CHECKS=0 */;
/*!40101 SET @OLD_SQL_MODE=@@SQL_MODE, SQL_MODE='NO_AUTO_VALUE_ON_ZERO' */;
/*!40111 SET @OLD_SQL_NOTES=@@SQL_NOTES, SQL_NOTES=0 */;

--
-- Table structure for table `countries`
--

DROP TABLE IF EXISTS `countries`;
/*!40101 SET @saved_cs_client     = @@character_set_client */;
/*!50503 SET character_set_client = utf8mb4 */;
CREATE TABLE `countries` (
  `id` varchar(2) COLLATE utf8_unicode_ci NOT NULL,
  `name` varchar(64) COLLATE utf8_unicode_ci DEFAULT NULL,
  `sort_order` int DEFAULT NULL,
  PRIMARY KEY (`id`)
) ENGINE=InnoDB DEFAULT CHARSET=utf8 COLLATE=utf8_unicode_ci;
/*!40101 SET character_set_client = @saved_cs_client */;

--
-- Dumping data for table `countries`
--

LOCK TABLES `countries` WRITE;
/*!40000 ALTER TABLE `countries` DISABLE KEYS */;
INSERT INTO `countries` VALUES ('ad','Andorra',999),('ae','United Arab Emirates',999),('af','Afghanistan',999),('ag','Antigua and Barbuda',999),('ai','Anguilla',999),('al','Albania',999),('am','Armenia',999),('ao','Angola',999),('aq','Antarctica',999),('ar','Argentina',999),('as','American Samoa',999),('at','Austria',999),('au','Australia',999),('aw','Aruba',999),('ax','Åland Islands',999),('az','Azerbaijan',999),('ba','Bosnia and Herzegovina',999),('bb','Barbados',999),('bd','Bangladesh',999),('be','Belgium',999),('bf','Burkina Faso',999),('bg','Bulgaria',999),('bh','Bahrain',999),('bi','Burundi',999),('bj','Benin',999),('bl','Saint Barthélemy',999),('bm','Bermuda',999),('bn','Brunei Darussalam',999),('bo','Bolivia, Plurinational State of',999),('bq','Bonaire, Sint Eustatius and Saba',999),('br','Brazil',999),('bs','Bahamas',999),('bt','Bhutan',999),('bv','Bouvet Island',999),('bw','Botswana',999),('by','Belarus',999),('bz','Belize',999),('ca','Canada',999),('cc','Cocos (Keeling) Islands',999),('cd','Congo, the Democratic Republic of the',999),('cf','Central African Republic',999),('cg','Congo',999),('ch','Switzerland',999),('ci','Côte d\'Ivoire',999),('ck','Cook Islands',999),('cl','Chile',999),('cm','Cameroon',999),('cn','China',999),('co','Colombia',999),('cr','Costa Rica',999),('cu','Cuba',999),('cv','Cape Verde',999),('cw','Curaçao',999),('cx','Christmas Island',999),('cy','Cyprus',999),('cz','Czech Republic',999),('de','Germany',999),('dj','Djibouti',999),('dk','Denmark',999),('dm','Dominica',999),('do','Dominican Republic',999),('dz','Algeria',999),('ec','Ecuador',999),('ee','Estonia',999),('eg','Egypt',999),('eh','Western Sahara',999),('er','Eritrea',999),('es','Spain',999),('et','Ethiopia',999),('fi','Finland',999),('fj','Fiji',999),('fk','Falkland Islands (Malvinas)',999),('fm','Micronesia, Federated States of',999),('fo','Faroe Islands',999),('fr','France',999),('ga','Gabon',999),('gb','United Kingdom',999),('gd','Grenada',999),('ge','Georgia',999),('gf','French Guiana',999),('gg','Guernsey',999),('gh','Ghana',999),('gi','Gibraltar',999),('gl','Greenland',999),('gm','Gambia',999),('gn','Guinea',999),('gp','Guadeloupe',999),('gq','Equatorial Guinea',999),('gr','Greece',999),('gs','South Georgia and the South Sandwich Islands',999),('gt','Guatemala',999),('gu','Guam',999),('gw','Guinea-Bissau',999),('gy','Guyana',999),('hk','Hong Kong',999),('hm','Heard Island and McDonald Islands',999),('hn','Honduras',999),('hr','Croatia',999),('ht','Haiti',999),('hu','Hungary',999),('id','Indonesia',999),('ie','Ireland',999),('il','Israel',999),('im','Isle of Man',999),('in','India',999),('io','British Indian Ocean Territory',999),('iq','Iraq',999),('ir','Iran, Islamic Republic of',999),('is','Iceland',999),('it','Italy',999),('je','Jersey',999),('jm','Jamaica',999),('jo','Jordan',999),('jp','Japan',999),('ke','Kenya',999),('kg','Kyrgyzstan',999),('kh','Cambodia',999),('ki','Kiribati',999),('km','Comoros',999),('kn','Saint Kitts and Nevis',999),('kp','Korea, Democratic People\'s Republic of',999),('kr','Korea, Republic of',999),('kw','Kuwait',999),('ky','Cayman Islands',999),('kz','Kazakhstan',50),('la','Lao People\'s Democratic Republic',999),('lb','Lebanon',999),('lc','Saint Lucia',999),('li','Liechtenstein',999),('lk','Sri Lanka',999),('lr','Liberia',999),('ls','Lesotho',999),('lt','Lithuania',999),('lu','Luxembourg',999),('lv','Latvia',999),('ly','Libya',999),('ma','Morocco',999),('mc','Monaco',999),('md','Moldova, Republic of',999),('me','Montenegro',999),('mf','Saint Martin (French part)',999),('mg','Madagascar',999),('mh','Marshall Islands',999),('mk','Macedonia, the Former Yugoslav Republic of',999),('ml','Mali',999),('mm','Myanmar',999),('mn','Mongolia',999),('mo','Macao',999),('mp','Northern Mariana Islands',999),('mq','Martinique',999),('mr','Mauritania',999),('ms','Montserrat',999),('mt','Malta',999),('mu','Mauritius',999),('mv','Maldives',999),('mw','Malawi',999),('mx','Mexico',999),('my','Malaysia',999),('mz','Mozambique',999),('na','Namibia',999),('nc','New Caledonia',999),('ne','Niger',999),('nf','Norfolk Island',999),('ng','Nigeria',999),('ni','Nicaragua',999),('nl','Netherlands',999),('no','Norway',999),('np','Nepal',999),('nr','Nauru',999),('nu','Niue',999),('nz','New Zealand',999),('om','Oman',999),('pa','Panama',999),('pe','Peru',999),('pf','French Polynesia',999),('pg','Papua New Guinea',999),('ph','Philippines',999),('pk','Pakistan',999),('pl','Poland',999),('pm','Saint Pierre and Miquelon',999),('pn','Pitcairn',999),('pr','Puerto Rico',999),('ps','Palestine, State of',999),('pt','Portugal',999),('pw','Palau',999),('py','Paraguay',999),('qa','Qatar',999),('re','Réunion',999),('ro','Romania',999),('rs','Serbia',999),('ru','Russian Federation',50),('rw','Rwanda',999),('sa','Saudi Arabia',999),('sb','Solomon Islands',999),('sc','Seychelles',999),('sd','Sudan',999),('se','Sweden',999),('sg','Singapore',999),('sh','Saint Helena, Ascension and Tristan da Cunha',999),('si','Slovenia',999),('sj','Svalbard and Jan Mayen',999),('sk','Slovakia',999),('sl','Sierra Leone',999),('sm','San Marino',999),('sn','Senegal',999),('so','Somalia',999),('sr','Suriname',999),('ss','South Sudan',999),('st','Sao Tome and Principe',999),('sv','El Salvador',999),('sx','Sint Maarten (Dutch part)',999),('sy','Syrian Arab Republic',999),('sz','Swaziland',999),('tc','Turks and Caicos Islands',999),('td','Chad',999),('tf','French Southern Territories',999),('tg','Togo',999),('th','Thailand',999),('tj','Tajikistan',999),('tk','Tokelau',999),('tl','Timor-Leste',999),('tm','Turkmenistan',999),('tn','Tunisia',999),('to','Tonga',999),('tr','Turkey',999),('tt','Trinidad and Tobago',999),('tv','Tuvalu',999),('tw','Taiwan, Province of China',999),('tz','Tanzania, United Republic of',999),('ua','Ukraine',999),('ug','Uganda',999),('um','United States Minor Outlying Islands',999),('us','United States',999),('uy','Uruguay',999),('uz','Uzbekistan',999),('va','Holy See (Vatican City State)',999),('vc','Saint Vincent and the Grenadines',999),('ve','Venezuela, Bolivarian Republic of',999),('vg','Virgin Islands, British',999),('vi','Virgin Islands, U.S.',999),('vn','Viet Nam',999),('vu','Vanuatu',999),('wf','Wallis and Futuna',999),('ws','Samoa',999),('ye','Yemen',999),('yt','Mayotte',999),('za','South Africa',999),('zm','Zambia',999),('zw','Zimbabwe',999);
/*!40000 ALTER TABLE `countries` ENABLE KEYS */;
UNLOCK TABLES;

--
-- Table structure for table `currencies`
--

DROP TABLE IF EXISTS `currencies`;
/*!40101 SET @saved_cs_client     = @@character_set_client */;
/*!50503 SET character_set_client = utf8mb4 */;
CREATE TABLE `currencies` (
  `code` varchar(3) COLLATE utf8_unicode_ci NOT NULL,
  `name` varchar(64) COLLATE utf8_unicode_ci DEFAULT NULL,
  `rate` decimal(7,5) DEFAULT NULL,
  PRIMARY KEY (`code`)
) ENGINE=InnoDB DEFAULT CHARSET=utf8 COLLATE=utf8_unicode_ci;
/*!40101 SET character_set_client = @saved_cs_client */;

--
-- Dumping data for table `currencies`
--

LOCK TABLES `currencies` WRITE;
/*!40000 ALTER TABLE `currencies` DISABLE KEYS */;
INSERT INTO `currencies` VALUES ('RUR','Russian ruble',0.16000),('USD','US Dollar',0.00050);
/*!40000 ALTER TABLE `currencies` ENABLE KEYS */;
UNLOCK TABLES;

--
-- Table structure for table `dhl_countries`
--

DROP TABLE IF EXISTS `dhl_countries`;
/*!40101 SET @saved_cs_client     = @@character_set_client */;
/*!50503 SET character_set_client = utf8mb4 */;
CREATE TABLE `dhl_countries` (
  `zone` int DEFAULT NULL,
  `country_id` varchar(2) COLLATE utf8_unicode_ci DEFAULT NULL,
  KEY `country_id` (`country_id`),
  KEY `zone` (`zone`),
  CONSTRAINT `dhl_countries_ibfk_1` FOREIGN KEY (`country_id`) REFERENCES `countries` (`id`),
  CONSTRAINT `dhl_countries_ibfk_2` FOREIGN KEY (`zone`) REFERENCES `dhl_zones` (`id`)
) ENGINE=InnoDB DEFAULT CHARSET=utf8 COLLATE=utf8_unicode_ci;
/*!40101 SET character_set_client = @saved_cs_client */;

--
-- Dumping data for table `dhl_countries`
--

LOCK TABLES `dhl_countries` WRITE;
/*!40000 ALTER TABLE `dhl_countries` DISABLE KEYS */;
INSERT INTO `dhl_countries` VALUES (8,'af'),(7,'al'),(8,'dz'),(8,'as'),(7,'ad'),(8,'ao'),(8,'ai'),(8,'ag'),(8,'ar'),(8,'am'),(8,'aw'),(4,'au'),(6,'at'),(8,'az'),(8,'bs'),(7,'bh'),(4,'bd'),(8,'bb'),(8,'by'),(6,'be'),(8,'bz'),(8,'bj'),(8,'bm'),(8,'bt'),(8,'bo'),(8,'bq'),(7,'ba'),(8,'bw'),(8,'br'),(3,'bn'),(7,'bg'),(8,'bf'),(8,'bi'),(3,'kh'),(8,'cm'),(5,'ca'),(8,'cv'),(8,'ky'),(8,'cf'),(8,'td'),(8,'cl'),(1,'cn'),(8,'co'),(8,'km'),(8,'cg'),(8,'cd'),(8,'ck'),(8,'cr'),(8,'ci'),(6,'hr'),(8,'cu'),(8,'cw'),(7,'cy'),(6,'cz'),(6,'dk'),(8,'dj'),(8,'dm'),(8,'do'),(4,'tl'),(8,'ec'),(8,'eg'),(8,'sv'),(8,'er'),(7,'ee'),(8,'et'),(8,'fk'),(8,'fo'),(8,'fj'),(6,'fi'),(6,'fr'),(8,'gf'),(8,'ga'),(8,'gm'),(8,'ge'),(6,'de'),(8,'gh'),(7,'gi'),(6,'gr'),(8,'gl'),(8,'gd'),(8,'gp'),(8,'gu'),(8,'gt'),(6,'gg'),(8,'gn'),(8,'gw'),(8,'fk'),(8,'gy'),(8,'ht'),(8,'hn'),(1,'hk'),(6,'hu'),(8,'is'),(4,'in'),(3,'id'),(8,'ir'),(8,'iq'),(6,'ie'),(7,'il'),(6,'it'),(8,'jm'),(2,'jp'),(6,'je'),(8,'jo'),(8,'kz'),(8,'ke'),(8,'ki'),(8,'kp'),(7,'kw'),(8,'kg'),(3,'la'),(7,'lv'),(8,'lb'),(8,'ls'),(8,'lr'),(8,'ly'),(6,'li'),(6,'lt'),(6,'lu'),(1,'mo'),(7,'mk'),(8,'mg'),(8,'mw'),(3,'my'),(8,'mv'),(8,'ml'),(7,'mt'),(8,'mh'),(8,'mq'),(8,'mr'),(8,'mu'),(8,'yt'),(5,'mx'),(8,'fm'),(8,'md'),(6,'mc'),(4,'mn'),(7,'me'),(8,'ms'),(8,'ma'),(8,'mz'),(3,'mm'),(8,'na'),(8,'nr'),(8,'np'),(6,'nl'),(8,'kn'),(8,'nc'),(4,'nz'),(8,'ni'),(8,'ne'),(8,'ng'),(8,'nu'),(6,'no'),(7,'om'),(4,'pk'),(4,'pw'),(8,'pa'),(4,'pg'),(8,'py'),(8,'pe'),(3,'ph'),(6,'pl'),(6,'pt'),(8,'pr'),(7,'qa'),(8,'re'),(7,'ro'),(8,'ru'),(8,'rw'),(8,'sh'),(8,'ws'),(6,'sm'),(8,'st'),(7,'sa'),(8,'sn'),(7,'rs'),(8,'sc'),(8,'sl'),(1,'sg'),(6,'sk'),(6,'si'),(8,'sb'),(8,'so'),(8,'za'),(6,'es'),(4,'lk'),(8,'sd'),(8,'sr'),(8,'sz'),(6,'se'),(6,'ch'),(8,'sy'),(8,'pf'),(1,'tw'),(8,'tj'),(8,'tz'),(3,'th'),(8,'tg'),(8,'to'),(8,'tt'),(8,'tn'),(7,'tr'),(8,'tc'),(8,'tv'),(8,'ug'),(8,'ua'),(7,'ae'),(6,'gb'),(5,'us'),(8,'uy'),(8,'uz'),(8,'vu'),(8,'ve'),(3,'vn'),(8,'vg'),(8,'vi'),(8,'ye'),(8,'zm'),(8,'zw');
/*!40000 ALTER TABLE `dhl_countries` ENABLE KEYS */;
UNLOCK TABLES;

--
-- Table structure for table `dhl_rates`
--

DROP TABLE IF EXISTS `dhl_rates`;
/*!40101 SET @saved_cs_client     = @@character_set_client */;
/*!50503 SET character_set_client = utf8mb4 */;
CREATE TABLE `dhl_rates` (
  `zone` int DEFAULT NULL,
  `weight` float DEFAULT NULL,
  `rate` float DEFAULT NULL,
  KEY `zone` (`zone`),
  CONSTRAINT `dhl_rates_ibfk_1` FOREIGN KEY (`zone`) REFERENCES `dhl_zones` (`id`)
) ENGINE=InnoDB DEFAULT CHARSET=utf8 COLLATE=utf8_unicode_ci;
/*!40101 SET character_set_client = @saved_cs_client */;

--
-- Dumping data for table `dhl_rates`
--

LOCK TABLES `dhl_rates` WRITE;
/*!40000 ALTER TABLE `dhl_rates` DISABLE KEYS */;
INSERT INTO `dhl_rates` VALUES (1,0.5,27501),(1,1,31318),(1,1.5,33282),(1,2,35246),(1,2.5,37155),(1,3,38670),(1,3.5,40185),(1,4,41701),(1,4.5,43216),(1,5,44732),(1,5.5,46163),(1,6,47594),(1,6.5,49025),(1,7,50456),(1,7.5,51887),(1,8,53319),(1,8.5,54750),(1,9,56181),(1,9.5,57612),(1,10,59043),(1,10.5,60390),(1,11,61737),(1,11.5,63084),(1,12,64431),(1,12.5,65778),(1,13,67125),(1,13.5,68472),(1,14,69819),(1,14.5,71166),(1,15,72513),(1,15.5,73860),(1,16,75207),(1,16.5,76554),(1,17,77901),(1,17.5,79248),(1,18,80595),(1,18.5,81942),(1,19,83289),(1,19.5,84636),(1,20,85983),(1,20.5,87892),(1,21,89800),(1,21.5,91708),(1,22,93616),(1,22.5,95525),(1,23,97433),(1,23.5,99341),(1,24,101249),(1,24.5,103158),(1,25,105066),(1,25.5,106974),(1,26,108882),(1,26.5,110791),(1,27,112699),(1,27.5,114607),(1,28,116515),(1,28.5,118424),(1,29,120332),(1,29.5,122240),(1,30,124148),(1,99999,4013),(2,0.5,28792),(2,1,32749),(2,1.5,35106),(2,2,37463),(2,2.5,39793),(2,3,41897),(2,3.5,44002),(2,4,46107),(2,4.5,48211),(2,5,50316),(2,5.5,51859),(2,6,53403),(2,6.5,54946),(2,7,56490),(2,7.5,58033),(2,8,59577),(2,8.5,61120),(2,9,62663),(2,9.5,64207),(2,10,65750),(2,10.5,67153),(2,11,68557),(2,11.5,69960),(2,12,71363),(2,12.5,72766),(2,13,74169),(2,13.5,75572),(2,14,76975),(2,14.5,78378),(2,15,79782),(2,15.5,81185),(2,16,82588),(2,16.5,83991),(2,17,85394),(2,17.5,86797),(2,18,88200),(2,18.5,89603),(2,19,91007),(2,19.5,92410),(2,20,93813),(2,20.5,95777),(2,21,97742),(2,21.5,99706),(2,22,101670),(2,22.5,103635),(2,23,105599),(2,23.5,107563),(2,24,109528),(2,24.5,111492),(2,25,113457),(2,25.5,115421),(2,26,117385),(2,26.5,119350),(2,27,121314),(2,27.5,123278),(2,28,125243),(2,28.5,127207),(2,29,129172),(2,29.5,131136),(2,30,133100),(2,99999,4322),(3,0.5,28848),(3,1,32805),(3,1.5,36004),(3,2,39203),(3,2.5,42346),(3,3,45068),(3,3.5,47790),(3,4,50512),(3,4.5,53234),(3,5,55957),(3,5.5,58398),(3,6,60839),(3,6.5,63281),(3,7,65722),(3,7.5,68164),(3,8,70605),(3,8.5,73047),(3,9,75488),(3,9.5,77929),(3,10,80371),(3,10.5,82167),(3,11,83963),(3,11.5,85759),(3,12,87555),(3,12.5,89351),(3,13,91147),(3,13.5,92943),(3,14,94739),(3,14.5,96535),(3,15,98331),(3,15.5,100127),(3,16,101923),(3,16.5,103719),(3,17,105515),(3,17.5,107311),(3,18,109107),(3,18.5,110903),(3,19,112699),(3,19.5,114495),(3,20,116291),(3,20.5,118817),(3,21,121342),(3,21.5,123868),(3,22,126393),(3,22.5,128919),(3,23,131445),(3,23.5,133970),(3,24,136496),(3,24.5,139022),(3,25,141547),(3,25.5,144073),(3,26,146598),(3,26.5,149124),(3,27,151650),(3,27.5,154175),(3,28,156701),(3,28.5,159227),(3,29,161752),(3,29.5,164278),(3,30,166803),(3,99999,5416),(4,0.5,30083),(4,1,34320),(4,1.5,37772),(4,2,41224),(4,2.5,44479),(4,3,47594),(4,3.5,50709),(4,4,53824),(4,4.5,56939),(4,5,60054),(4,5.5,62804),(4,6,65554),(4,6.5,68304),(4,7,71054),(4,7.5,73804),(4,8,76554),(4,8.5,79305),(4,9,82055),(4,9.5,84805),(4,10,87555),(4,10.5,89716),(4,11,91877),(4,11.5,94037),(4,12,96198),(4,12.5,98359),(4,13,100520),(4,13.5,102681),(4,14,104841),(4,14.5,107002),(4,15,109163),(4,15.5,111324),(4,16,113485),(4,16.5,115645),(4,17,117806),(4,17.5,119967),(4,18,122128),(4,18.5,124289),(4,19,126450),(4,19.5,128610),(4,20,130771),(4,20.5,133577),(4,21,136384),(4,21.5,139190),(4,22,141996),(4,22.5,144802),(4,23,147609),(4,23.5,150415),(4,24,153221),(4,24.5,156027),(4,25,158834),(4,25.5,161640),(4,26,164446),(4,26.5,167252),(4,27,170059),(4,27.5,172865),(4,28,175671),(4,28.5,178477),(4,29,181284),(4,29.5,184090),(4,30,186896),(4,99999,6286),(5,0.5,30195),(5,1,34489),(5,1.5,37968),(5,2,41448),(5,2.5,44732),(5,3,47846),(5,3.5,50961),(5,4,54076),(5,4.5,57191),(5,5,60306),(5,5.5,63084),(5,6,65863),(5,6.5,68641),(5,7,71419),(5,7.5,74197),(5,8,76975),(5,8.5,79754),(5,9,82532),(5,9.5,85310),(5,10,88088),(5,10.5,90249),(5,11,92410),(5,11.5,94571),(5,12,96731),(5,12.5,98892),(5,13,101053),(5,13.5,103214),(5,14,105375),(5,14.5,107535),(5,15,109696),(5,15.5,111857),(5,16,114018),(5,16.5,116179),(5,17,118339),(5,17.5,120500),(5,18,122661),(5,18.5,124822),(5,19,126983),(5,19.5,129144),(5,20,131304),(5,20.5,134279),(5,21,137254),(5,21.5,140228),(5,22,143203),(5,22.5,146177),(5,23,149152),(5,23.5,152127),(5,24,155101),(5,24.5,158076),(5,25,161051),(5,25.5,164025),(5,26,167000),(5,26.5,169974),(5,27,172949),(5,27.5,175924),(5,28,178898),(5,28.5,181873),(5,29,184848),(5,29.5,187822),(5,30,190797),(5,99999,6398),(6,0.5,32552),(6,1,39793),(6,1.5,45265),(6,2,50737),(6,2.5,56097),(6,3,60643),(6,3.5,65189),(6,4,69735),(6,4.5,74281),(6,5,78827),(6,5.5,82953),(6,6,87078),(6,6.5,91203),(6,7,95328),(6,7.5,99453),(6,8,103579),(6,8.5,107704),(6,9,111829),(6,9.5,115954),(6,10,120079),(6,10.5,124120),(6,11,128161),(6,11.5,132202),(6,12,136243),(6,12.5,140284),(6,13,144325),(6,13.5,148366),(6,14,152407),(6,14.5,156448),(6,15,160489),(6,15.5,164530),(6,16,168571),(6,16.5,172612),(6,17,176653),(6,17.5,180694),(6,18,184735),(6,18.5,188776),(6,19,192817),(6,19.5,196858),(6,20,200899),(6,20.5,205333),(6,21,209767),(6,21.5,214201),(6,22,218635),(6,22.5,223069),(6,23,227503),(6,23.5,231936),(6,24,236370),(6,24.5,240804),(6,25,245238),(6,25.5,249672),(6,26,254106),(6,26.5,258540),(6,27,262974),(6,27.5,267407),(6,28,271841),(6,28.5,276275),(6,29,280709),(6,29.5,285143),(6,30,289577),(6,99999,9653),(7,0.5,34180),(7,1,42346),(7,1.5,49053),(7,2,55760),(7,2.5,62355),(7,3,68080),(7,3.5,73804),(7,4,79529),(7,4.5,85254),(7,5,90979),(7,5.5,96198),(7,6,101418),(7,6.5,106637),(7,7,111857),(7,7.5,117077),(7,8,122296),(7,8.5,127516),(7,9,132736),(7,9.5,137955),(7,10,143175),(7,10.5,148058),(7,11,152941),(7,11.5,157823),(7,12,162706),(7,12.5,167589),(7,13,172472),(7,13.5,177355),(7,14,182238),(7,14.5,187121),(7,15,192004),(7,15.5,196886),(7,16,201769),(7,16.5,206652),(7,17,211535),(7,17.5,216418),(7,18,221301),(7,18.5,226184),(7,19,231067),(7,19.5,235949),(7,20,240832),(7,20.5,245631),(7,21,250430),(7,21.5,255228),(7,22,260027),(7,22.5,264826),(7,23,269624),(7,23.5,274423),(7,24,279222),(7,24.5,284020),(7,25,288819),(7,25.5,293618),(7,26,298417),(7,26.5,303215),(7,27,308014),(7,27.5,312813),(7,28,317611),(7,28.5,322410),(7,29,327209),(7,29.5,332007),(7,30,336806),(7,99999,10916),(8,0.5,44339),(8,1,53768),(8,1.5,61737),(8,2,69707),(8,2.5,77368),(8,3,84440),(8,3.5,91512),(8,4,98583),(8,4.5,105655),(8,5,112727),(8,5.5,119546),(8,6,126365),(8,6.5,133185),(8,7,140004),(8,7.5,146823),(8,8,153642),(8,8.5,160461),(8,9,167280),(8,9.5,174100),(8,10,180919),(8,10.5,187261),(8,11,193603),(8,11.5,199945),(8,12,206287),(8,12.5,212629),(8,13,218972),(8,13.5,225314),(8,14,231656),(8,14.5,237998),(8,15,244340),(8,15.5,250682),(8,16,257024),(8,16.5,263366),(8,17,269709),(8,17.5,276051),(8,18,282393),(8,18.5,288735),(8,19,295077),(8,19.5,301419),(8,20,307761),(8,20.5,313991),(8,21,320221),(8,21.5,326451),(8,22,332681),(8,22.5,338911),(8,23,345141),(8,23.5,351370),(8,24,357600),(8,24.5,363830),(8,25,370060),(8,25.5,376290),(8,26,382520),(8,26.5,388750),(8,27,394980),(8,27.5,401209),(8,28,407439),(8,28.5,413669),(8,29,419899),(8,29.5,426129),(8,30,432359),(8,99999,13975);
/*!40000 ALTER TABLE `dhl_rates` ENABLE KEYS */;
UNLOCK TABLES;

--
-- Table structure for table `dhl_zones`
--

DROP TABLE IF EXISTS `dhl_zones`;
/*!40101 SET @saved_cs_client     = @@character_set_client */;
/*!50503 SET character_set_client = utf8mb4 */;
CREATE TABLE `dhl_zones` (
  `id` int NOT NULL AUTO_INCREMENT,
  PRIMARY KEY (`id`)
) ENGINE=InnoDB AUTO_INCREMENT=9 DEFAULT CHARSET=utf8 COLLATE=utf8_unicode_ci;
/*!40101 SET character_set_client = @saved_cs_client */;

--
-- Dumping data for table `dhl_zones`
--

LOCK TABLES `dhl_zones` WRITE;
/*!40000 ALTER TABLE `dhl_zones` DISABLE KEYS */;
INSERT INTO `dhl_zones` VALUES (1),(2),(3),(4),(5),(6),(7),(8);
/*!40000 ALTER TABLE `dhl_zones` ENABLE KEYS */;
UNLOCK TABLES;

--
-- Table structure for table `products`
--

DROP TABLE IF EXISTS `products`;
/*!40101 SET @saved_cs_client     = @@character_set_client */;
/*!50503 SET character_set_client = utf8mb4 */;
CREATE TABLE `products` (
  `id` varchar(16) COLLATE utf8_unicode_ci NOT NULL,
  `name_english` varchar(256) CHARACTER SET utf8mb4 COLLATE utf8mb4_0900_ai_ci DEFAULT NULL,
  `name_russian` varchar(256) CHARACTER SET utf8mb4 COLLATE utf8mb4_0900_ai_ci DEFAULT NULL,
  `weight` int DEFAULT NULL,
  `price` int DEFAULT NULL,
  `points` int DEFAULT NULL,
  `category` varchar(64) CHARACTER SET utf8mb4 COLLATE utf8mb4_0900_ai_ci DEFAULT NULL,
  `name` varchar(256) COLLATE utf8_unicode_ci DEFAULT NULL,
  `when_changed` datetime DEFAULT NULL,
  `when_created` datetime DEFAULT NULL,
  `available` tinyint(1) DEFAULT NULL,
  `synchronize` tinyint(1) DEFAULT NULL,
  `separate_shipping` tinyint(1) DEFAULT NULL,
  `purchase` tinyint(1) DEFAULT NULL,
  PRIMARY KEY (`id`),
  KEY `ix_products_name_english` (`name_english`),
  KEY `ix_products_name_russian` (`name_russian`),
  KEY `ix_products_name` (`name`),
  KEY `ix_products_when_created` (`when_created`),
  CONSTRAINT `products_chk_1` CHECK ((`available` in (0,1))),
  CONSTRAINT `products_chk_2` CHECK ((`synchronize` in (0,1))),
  CONSTRAINT `products_chk_3` CHECK ((`separate_shipping` in (0,1))),
  CONSTRAINT `products_chk_4` CHECK ((`purchase` in (0,1)))
) ENGINE=InnoDB DEFAULT CHARSET=utf8 COLLATE=utf8_unicode_ci;
/*!40101 SET character_set_client = @saved_cs_client */;

--
-- Dumping data for table `products`
--

LOCK TABLES `products` WRITE;
/*!40000 ALTER TABLE `products` DISABLE KEYS */;
INSERT INTO `products` VALUES ('000101','','',0,84000,40000,NULL,'애터미 헤모힘*1set','2020-10-27 21:43:52','2020-09-23 15:26:57',0,1,1,0),('000102',NULL,NULL,0,203000,100000,NULL,'애터미 헤모힘*2set',NULL,'2020-09-23 15:26:57',0,1,NULL,1),('000103',NULL,NULL,0,255000,100000,NULL,'애터미 헤모힘*3set','2020-09-23 15:26:57','2020-08-14 19:10:54',0,1,NULL,1),('000104',NULL,NULL,0,306000,100000,NULL,'애터미 헤모힘*4set','2020-08-17 19:07:11','2020-08-14 19:10:54',0,1,NULL,1),('000105',NULL,NULL,0,0,0,NULL,'','2020-11-10 18:40:06','2020-08-14 19:10:54',1,1,NULL,1),('000107',NULL,NULL,0,156000,55000,NULL,'애터미 홍삼단*2set','2020-08-17 19:07:11','2020-08-14 19:10:54',0,1,NULL,1),('000111',NULL,NULL,0,19200,6400,NULL,'애터미 알래스카 이-오메가3','2020-11-20 19:50:44','2020-08-14 19:10:54',1,1,NULL,1),('000148',NULL,NULL,0,39800,20000,NULL,'애터미 슬림바디 쉐이크 2.0 그레인','2020-11-20 19:50:44','2020-08-14 19:10:54',1,1,NULL,1),('000149',NULL,NULL,0,39800,20000,NULL,'애터미 슬림바디 쉐이크 2.0 단호박','2020-11-10 18:40:05','2020-08-14 19:10:54',1,1,NULL,1),('000151',NULL,NULL,0,306000,100000,NULL,'애터미 스킨케어 6 시스템 1set*애터미 헤모힘3set','2020-08-17 19:07:11','2020-08-14 19:10:54',0,1,NULL,1),('000152',NULL,NULL,0,306000,100000,NULL,'애터미 스킨케어 6 시스템 2set*애터미 헤모힘2set','2020-08-17 19:07:11','2020-08-14 19:10:54',0,1,NULL,1),('000153',NULL,NULL,0,306000,100000,NULL,'애터미 스킨케어 6 시스템 3set*애터미 헤모힘1set','2020-08-17 19:07:11','2020-08-14 19:10:54',0,1,NULL,1),('000156',NULL,NULL,0,267100,84000,NULL,'애터미 NEW 멀티패키지*6ea','2020-08-17 19:07:10','2020-08-14 19:10:53',0,1,NULL,1),('000157',NULL,NULL,0,113000,46000,NULL,'애터미 슬림바디 쉐이크&보이차 set','2020-08-17 19:07:11','2020-08-14 19:10:54',0,1,NULL,1),('000158',NULL,NULL,0,113000,46000,NULL,'[슬림바디 감사제] 슬림바디 쉐이크&보이차set+그린티 추가 증정','2020-08-17 19:07:10','2020-08-14 19:10:52',0,1,NULL,1),('000159',NULL,NULL,0,113000,46000,NULL,'[슬림바디 감사제] 슬림바디 쉐이크&보이차set+그레인 추가 증정','2020-08-17 19:07:10','2020-08-14 19:10:52',0,1,NULL,1),('000160',NULL,NULL,0,113000,46000,NULL,'[2주년 감사제] 슬림바디 쉐이크&보이차set + 보이차 추가 증정','2020-08-17 19:07:10','2020-08-14 19:10:52',0,1,NULL,1),('000169',NULL,NULL,0,35800,11000,NULL,'애터미 오롯이 담은 발효 흑마늘진액','2020-12-14 18:19:52','2020-09-23 15:26:56',1,1,NULL,1),('000170',NULL,NULL,0,47800,24000,NULL,'애터미 오롯이 담은 유기농 발효 노니','2020-12-14 18:19:52','2020-11-10 18:40:06',1,1,0,1),('000175',NULL,NULL,0,29700,10500,NULL,'애터미 츄어블 칼슘','2020-08-17 19:07:11','2020-08-14 19:10:54',0,1,NULL,1),('000179',NULL,NULL,0,22000,8500,NULL,'애터미 파인(Fine)자임 (단종)','2020-08-17 19:07:11','2020-08-14 19:10:54',0,1,NULL,1),('000189',NULL,NULL,0,0,0,NULL,'프로모션 스킨케어 시스템 더페임 *1set','2020-08-17 19:07:11','2020-08-14 19:10:54',0,1,NULL,1),('000200',NULL,NULL,0,79000,25000,NULL,'애터미 스킨케어 6 시스템*1set','2020-08-17 19:07:11','2020-08-14 19:10:54',0,1,NULL,1),('000201',NULL,NULL,0,79000,100000,NULL,'애터미 스킨케어 6 시스템*1set','2020-08-17 19:07:11','2020-08-14 19:10:54',0,1,NULL,1),('000202',NULL,NULL,0,203000,100000,NULL,'애터미 스킨케어 6 시스템*2set','2020-08-17 19:07:11','2020-08-14 19:10:54',0,1,NULL,1),('000203',NULL,NULL,0,255000,100000,NULL,'애터미 스킨케어 6 시스템*3set','2020-08-17 19:07:11','2020-08-14 19:10:54',0,1,NULL,1),('000204',NULL,NULL,0,306000,100000,NULL,'애터미 스킨케어 6 시스템*4set','2020-08-17 19:07:11','2020-08-14 19:10:54',0,1,NULL,1),('000205',NULL,NULL,0,0,0,NULL,'프로모션 스킨케어 6 시스템*1set','2020-08-17 19:07:11','2020-08-14 19:10:54',0,1,NULL,1),('000210',NULL,NULL,0,15500,5000,NULL,'애터미 토너*1ea','2020-08-17 19:07:11','2020-08-14 19:10:54',0,1,NULL,1),('000211',NULL,NULL,0,15500,20000,NULL,'애터미 토너*1ea','2020-08-17 19:07:11','2020-08-14 19:10:54',0,1,NULL,1),('000212',NULL,NULL,0,39700,20000,NULL,'애터미 토너*2ea','2020-08-17 19:07:11','2020-08-14 19:10:54',0,1,NULL,1),('000213',NULL,NULL,0,49700,20000,NULL,'애터미 토너*3ea','2020-08-17 19:07:11','2020-08-14 19:10:54',0,1,NULL,1),('000214',NULL,NULL,0,59700,20000,NULL,'애터미 토너*4ea','2020-08-17 19:07:11','2020-08-14 19:10:54',0,1,NULL,1),('000220',NULL,NULL,0,15500,5000,NULL,'애터미 로션*1ea','2020-08-17 19:07:11','2020-08-14 19:10:53',0,1,NULL,1),('000221',NULL,NULL,0,15500,20000,NULL,'애터미 로션*1ea','2020-08-17 19:07:11','2020-08-14 19:10:53',0,1,NULL,1),('000222',NULL,NULL,0,39700,20000,NULL,'애터미 로션*2ea','2020-08-17 19:07:11','2020-08-14 19:10:53',0,1,NULL,1),('000223',NULL,NULL,0,49700,20000,NULL,'애터미 로션*3ea','2020-08-17 19:07:11','2020-08-14 19:10:53',0,1,NULL,1),('000224',NULL,NULL,0,59700,20000,NULL,'애터미 로션*4ea','2020-08-17 19:07:11','2020-08-14 19:10:53',0,1,NULL,1),('000230',NULL,NULL,0,15500,5000,NULL,'애터미 에센스*1ea','2020-08-17 19:07:11','2020-08-14 19:10:54',0,1,NULL,1),('000231',NULL,NULL,0,15500,20000,NULL,'애터미 에센스*1ea','2020-08-17 19:07:11','2020-08-14 19:10:54',0,1,NULL,1),('000232',NULL,NULL,0,39700,20000,NULL,'애터미 에센스*2ea','2020-08-17 19:07:11','2020-08-14 19:10:54',0,1,NULL,1),('000233',NULL,NULL,0,49700,20000,NULL,'애터미 에센스*3ea','2020-08-17 19:07:11','2020-08-14 19:10:54',0,1,NULL,1),('000234',NULL,NULL,0,59700,20000,NULL,'애터미 에센스*4ea','2020-08-17 19:07:11','2020-08-14 19:10:54',0,1,NULL,1),('000240',NULL,NULL,0,15500,5000,NULL,'애터미 영양크림*1ea','2020-08-17 19:07:11','2020-08-14 19:10:54',0,1,NULL,1),('000241',NULL,NULL,0,15500,20000,NULL,'애터미 영양크림*1ea','2020-08-17 19:07:11','2020-08-14 19:10:54',0,1,NULL,1),('000242',NULL,NULL,0,39700,20000,NULL,'애터미 영양크림*2ea','2020-08-17 19:07:11','2020-08-14 19:10:54',0,1,NULL,1),('000243',NULL,NULL,0,49700,20000,NULL,'애터미 영양크림*3ea','2020-08-17 19:07:11','2020-08-14 19:10:54',0,1,NULL,1),('000244',NULL,NULL,0,59700,20000,NULL,'애터미 영양크림*4ea','2020-08-17 19:07:11','2020-08-14 19:10:54',0,1,NULL,1),('000250',NULL,NULL,0,15500,5000,NULL,'애터미 아이크림*1ea','2020-08-17 19:07:11','2020-08-14 19:10:54',0,1,NULL,1),('000251',NULL,NULL,0,15500,20000,NULL,'애터미 아이크림*1ea','2020-08-17 19:07:11','2020-08-14 19:10:54',0,1,NULL,1),('000252',NULL,NULL,0,39700,20000,NULL,'애터미 아이크림*2ea','2020-08-17 19:07:11','2020-08-14 19:10:54',0,1,NULL,1),('000253',NULL,NULL,0,49700,20000,NULL,'애터미 아이크림*3ea','2020-08-17 19:07:11','2020-08-14 19:10:54',0,1,NULL,1),('000254',NULL,NULL,0,59700,20000,NULL,'애터미 아이크림*4ea','2020-08-17 19:07:11','2020-08-14 19:10:54',0,1,NULL,1),('000261',NULL,NULL,0,8000,10000,NULL,'애터미 비비크림*1ea','2020-08-17 19:07:11','2020-08-14 19:10:53',0,1,NULL,1),('000262',NULL,NULL,0,20300,10000,NULL,'애터미 비비크림*2ea','2020-08-17 19:07:11','2020-08-14 19:10:53',0,1,NULL,1),('000263',NULL,NULL,0,25500,10000,NULL,'애터미 비비크림*3ea','2020-08-17 19:07:11','2020-08-14 19:10:53',0,1,NULL,1),('000271',NULL,NULL,0,8000,10000,NULL,'선크림(화이트)*1ea','2020-08-17 19:07:10','2020-08-14 19:10:53',0,1,NULL,1),('000272',NULL,NULL,0,20300,10000,NULL,'선크림(화이트)*2ea','2020-08-17 19:07:10','2020-08-14 19:10:53',0,1,NULL,1),('000273',NULL,NULL,0,25500,10000,NULL,'선크림(화이트)*3ea','2020-08-17 19:07:10','2020-08-14 19:10:53',0,1,NULL,1),('000278',NULL,NULL,0,8900,4400,NULL,'애터미 앱솔루트 어반 쉴드 선 쿠션 리필','2020-11-10 18:40:06','2020-08-14 19:10:54',1,1,NULL,1),('000279',NULL,NULL,0,14800,7400,NULL,'애터미 앱솔루트 어반 쉴드 선 쿠션','2020-11-10 18:40:06','2020-08-14 19:10:54',1,1,NULL,1),('000281',NULL,NULL,0,8000,10000,NULL,'선크림(베이지)*1ea','2020-08-17 19:07:10','2020-08-14 19:10:53',0,1,NULL,1),('000282',NULL,NULL,0,20300,10000,NULL,'선크림(베이지)*2ea','2020-08-17 19:07:10','2020-08-14 19:10:53',0,1,NULL,1),('000283',NULL,NULL,0,25500,10000,NULL,'선크림(베이지)*3ea','2020-08-17 19:07:10','2020-08-14 19:10:53',0,1,NULL,1),('000301',NULL,NULL,0,8000,10000,NULL,'애터미 폼클렌저*1ea','2020-08-17 19:07:11','2020-08-14 19:10:54',0,1,NULL,1),('000302',NULL,NULL,0,20300,10000,NULL,'애터미 폼클렌저*2ea','2020-08-17 19:07:11','2020-08-14 19:10:54',0,1,NULL,1),('000303',NULL,NULL,0,25500,10000,NULL,'애터미 폼클렌저*3ea','2020-08-17 19:07:11','2020-08-14 19:10:54',0,1,NULL,1),('000311',NULL,NULL,0,8000,10000,NULL,'필링젤*1ea','2020-08-17 19:07:11','2020-08-14 19:10:54',0,1,NULL,1),('000312',NULL,NULL,0,20300,10000,NULL,'필링젤*2ea','2020-08-17 19:07:11','2020-08-14 19:10:54',0,1,NULL,1),('000313',NULL,NULL,0,25500,10000,NULL,'필링젤*3ea','2020-08-17 19:07:11','2020-08-14 19:10:54',0,1,NULL,1),('000321',NULL,NULL,0,8000,10000,NULL,'딥클렌저*1ea','2020-08-17 19:07:10','2020-08-14 19:10:53',0,1,NULL,1),('000322',NULL,NULL,0,20300,10000,NULL,'딥클렌저*2ea','2020-08-17 19:07:10','2020-08-14 19:10:53',0,1,NULL,1),('000323',NULL,NULL,0,25500,10000,NULL,'딥클렌저*3ea','2020-08-17 19:07:10','2020-08-14 19:10:53',0,1,NULL,1),('000331',NULL,NULL,0,8000,10000,NULL,'필오프마스크*1ea','2020-08-17 19:07:11','2020-08-14 19:10:54',0,1,NULL,1),('000332',NULL,NULL,0,20300,10000,NULL,'필오프마스크*2ea','2020-08-17 19:07:11','2020-08-14 19:10:54',0,1,NULL,1),('000333',NULL,NULL,0,25500,10000,NULL,'필오프마스크*3ea','2020-08-17 19:07:11','2020-08-14 19:10:54',0,1,NULL,1),('000351',NULL,NULL,0,32000,40000,NULL,'이브닝케어 4종*1set','2020-08-17 19:07:11','2020-08-14 19:10:54',0,1,NULL,1),('000352',NULL,NULL,0,81200,40000,NULL,'이브닝케어 4종*2set','2020-08-17 19:07:11','2020-08-14 19:10:54',0,1,NULL,1),('000353',NULL,NULL,0,102000,40000,NULL,'이브닝케어 4종*3set','2020-08-17 19:07:11','2020-08-14 19:10:54',0,1,NULL,1),('000359',NULL,NULL,0,14800,7500,NULL,'애터미 옴므 톤업 모이스처라이저 1호',NULL,'2020-12-14 18:19:52',1,1,0,1),('000360',NULL,NULL,0,14800,7500,NULL,'애터미 옴므 톤업 모이스처라이저 2호',NULL,'2020-12-14 18:19:52',1,1,0,1),('000405',NULL,NULL,0,12800,4700,NULL,'애터미 립스틱(로즈브라운)*1ea','2020-08-17 19:07:11','2020-08-14 19:10:53',0,1,NULL,1),('000434',NULL,NULL,0,11800,4000,NULL,'애터미 립 리퀴드 레이디 레드','2020-11-10 18:40:05','2020-08-14 19:10:53',1,1,NULL,1),('000435',NULL,NULL,0,11800,4000,NULL,'애터미 립 리퀴드 핑크 베리','2020-11-10 18:40:05','2020-08-14 19:10:53',1,1,NULL,1),('000436',NULL,NULL,0,11800,4000,NULL,'애터미 립 리퀴드 스윗 텐저린','2020-11-10 18:40:05','2020-08-14 19:10:53',1,1,NULL,1),('000437',NULL,NULL,0,11800,4000,NULL,'애터미 립 리퀴드 벨벳 레드 마커','2020-11-10 18:40:05','2020-08-14 19:10:53',1,1,NULL,1),('000438',NULL,NULL,0,11800,4000,NULL,'애터미 립 리퀴드 벨벳 마젠타','2020-11-10 18:40:05','2020-08-14 19:10:53',1,1,NULL,1),('000439',NULL,NULL,0,11800,4000,NULL,'애터미 립 리퀴드 벨벳 리빙 코랄','2020-11-10 18:40:05','2020-08-14 19:10:53',1,1,NULL,1),('000443',NULL,NULL,0,11800,4000,NULL,'애터미 립리퀴드 벨벳 애쉬딥레드',NULL,'2020-11-10 18:40:05',1,1,0,1),('000444',NULL,NULL,0,11800,4000,NULL,'애터미 립리퀴드 벨벳 선셋와인',NULL,'2020-11-10 18:40:05',1,1,0,1),('000445',NULL,NULL,0,11800,4000,NULL,'애터미 립리퀴드 벨벳 드라이로즈',NULL,'2020-11-10 18:40:05',1,1,0,1),('000447',NULL,NULL,0,5900,2000,NULL,'애터미 옴므 립밤',NULL,'2020-12-14 18:19:52',1,1,0,1),('000458',NULL,NULL,0,18000,5400,NULL,'애터미 립틴트 글로우 세트(18FW)','2020-08-17 19:07:11','2020-08-14 19:10:53',0,1,NULL,1),('000459',NULL,NULL,0,18000,5400,NULL,'애터미 립틴트 글로우 세트','2020-08-17 19:07:11','2020-08-14 19:10:53',0,1,NULL,1),('000465',NULL,NULL,0,9800,3200,NULL,'애터미 데일리 엑스퍼트 마스크 촉촉보습','2020-11-10 18:40:05','2020-08-14 19:10:53',1,1,NULL,1),('000466',NULL,NULL,0,9800,3200,NULL,'애터미 데일리 엑스퍼트 마스크 광채브라이트닝','2020-11-10 18:40:05','2020-08-14 19:10:53',1,1,NULL,1),('000467',NULL,NULL,0,9800,3200,NULL,'애터미 데일리 엑스퍼트 마스크 영양탄력','2020-11-10 18:40:05','2020-08-14 19:10:53',1,1,NULL,1),('000492',NULL,NULL,0,14800,4300,NULL,'애터미 메이크업 브러쉬 세트-完','2020-08-17 19:07:11','2020-08-14 19:10:53',0,1,NULL,1),('000500',NULL,NULL,0,15000,2500,NULL,'애터미 치약*1set(5ea)','2020-08-17 19:07:11','2020-08-14 19:10:54',0,1,NULL,1),('000502',NULL,NULL,0,38000,10000,NULL,'애터미 치약*2set(10ea)','2020-08-17 19:07:11','2020-08-14 19:10:54',0,1,NULL,1),('000503',NULL,NULL,0,48000,10000,NULL,'애터미 치약*3set(15ea)','2020-08-17 19:07:11','2020-08-14 19:10:54',0,1,NULL,1),('000504',NULL,NULL,0,58000,10000,NULL,'애터미 치약*4set(20ea)','2020-08-17 19:07:11','2020-08-14 19:10:54',0,1,NULL,1),('000516',NULL,NULL,0,5000,1600,NULL,'애터미 치간브러시SSSS (1set x 16ea)','2020-11-10 18:40:06','2020-08-14 19:10:54',1,1,NULL,1),('000528',NULL,NULL,0,14800,5200,NULL,'애터미 옴므 올인원 워시','2020-11-10 18:40:06','2020-08-18 17:52:11',1,1,NULL,1),('000529',NULL,NULL,0,9800,3500,NULL,'애터미 옴므 멀티액션 클렌저','2020-11-10 18:40:06','2020-08-18 17:52:11',1,1,NULL,1),('000530',NULL,NULL,0,0,0,NULL,'애터미 동구밭 클렌징바',NULL,'2021-01-06 17:30:53',0,1,0,1),('000538',NULL,NULL,0,1800,333,NULL,'애터미 손 소독제','2020-08-17 19:07:11','2020-08-14 19:10:54',0,1,NULL,1),('000542',NULL,NULL,0,11800,4200,NULL,'애터미 핸드크림','2021-01-06 17:30:53','2020-12-15 02:48:08',1,1,0,1),('000552',NULL,NULL,0,25500,6500,NULL,'애터미 여행용 스킨케어 키트 5종','2020-08-17 19:07:11','2020-08-14 19:10:54',0,1,NULL,1),('000601',NULL,NULL,0,10300,4000,NULL,'애터미 한방 헤어 샴푸*1ea','2020-08-17 19:07:11','2020-08-14 19:10:54',0,1,NULL,1),('000602',NULL,NULL,0,27000,12000,NULL,'애터미 한방 헤어 샴푸*2ea','2020-08-17 19:07:11','2020-08-14 19:10:54',0,1,NULL,1),('000603',NULL,NULL,0,36000,14000,NULL,'애터미 한방 헤어 샴푸*3ea','2020-08-17 19:07:11','2020-08-14 19:10:54',0,1,NULL,1),('000611',NULL,NULL,0,6200,6000,NULL,'애터미 한방 헤어 트리트먼트*1ea','2020-08-17 19:07:11','2020-08-14 19:10:54',0,1,NULL,1),('000621',NULL,NULL,0,11300,4000,NULL,'애터미 생모단수*1ea','2020-08-17 19:07:11','2020-08-14 19:10:53',0,1,NULL,1),('000622',NULL,NULL,0,30000,12000,NULL,'애터미 액*2ea','2020-08-17 19:07:11','2020-08-14 19:10:54',0,1,NULL,1),('000623',NULL,NULL,0,39000,14000,NULL,'애터미 액*3ea','2020-08-17 19:07:11','2020-08-14 19:10:54',0,1,NULL,1),('000631',NULL,NULL,0,8200,7000,NULL,'애터미 한방 바디 클렌저*1ea','2020-08-17 19:07:11','2020-08-14 19:10:54',0,1,NULL,1),('000632',NULL,NULL,0,20000,8000,NULL,'애터미 한방 바디 클렌저*2ea','2020-08-17 19:07:11','2020-08-14 19:10:54',0,1,NULL,1),('000633',NULL,NULL,0,27000,9000,NULL,'애터미 한방 바디 클렌저*3ea','2020-08-17 19:07:11','2020-08-14 19:10:54',0,1,NULL,1),('000642',NULL,NULL,0,26000,10000,NULL,'애터미 바디리치*2ea','2020-08-17 19:07:11','2020-08-14 19:10:53',0,1,NULL,1),('000661',NULL,NULL,0,10300,10000,NULL,'애터미 한방 헤어 컨디셔너*1ea','2020-08-17 19:07:11','2020-08-14 19:10:54',0,1,NULL,1),('000662',NULL,NULL,0,27000,12000,NULL,'애터미 한방 헤어 컨디셔너*2ea','2020-08-17 19:07:11','2020-08-14 19:10:54',0,1,NULL,1),('000663',NULL,NULL,0,36000,14000,NULL,'애터미 한방 헤어 컨디셔너*3ea','2020-08-17 19:07:11','2020-08-14 19:10:54',0,1,NULL,1),('000666',NULL,NULL,0,18800,6600,NULL,'애터미 프로틴 인텐시브 샴푸',NULL,'2021-01-06 17:30:53',0,1,0,1),('000667',NULL,NULL,0,15300,6600,NULL,'애터미 프로틴 인텐시브 트리트먼트',NULL,'2021-01-06 17:30:53',0,1,0,1),('000668',NULL,NULL,0,33400,16700,NULL,'애터미 프로틴 인텐시브 헤어케어 세트',NULL,'2021-01-06 17:30:53',0,1,0,1),('000670',NULL,NULL,0,33400,16700,NULL,'애터미 프로틴 인텐시브 헤어케어',NULL,'2021-01-06 17:30:53',0,1,0,1),('000680',NULL,NULL,0,8000,4000,NULL,'애터미 컬링에센스','2020-11-10 18:40:06','2020-08-14 19:10:54',1,1,NULL,1),('000682',NULL,NULL,0,13800,4900,NULL,'애터미 실크 프로틴 헤어 에센스','2020-11-10 18:40:06','2020-08-14 19:10:54',1,1,NULL,1),('000701',NULL,NULL,0,18000,16000,NULL,'카밍스킨*1ea','2020-08-17 19:07:11','2020-08-14 19:10:54',0,1,NULL,1),('000702',NULL,NULL,0,48600,20000,NULL,'카밍스킨*2ea','2020-08-17 19:07:11','2020-08-14 19:10:54',0,1,NULL,1),('000703',NULL,NULL,0,64800,24000,NULL,'카밍스킨*3ea','2020-08-17 19:07:11','2020-08-14 19:10:54',0,1,NULL,1),('000711',NULL,NULL,0,20000,17000,NULL,'어게인세럼*1ea','2020-08-17 19:07:11','2020-08-14 19:10:54',0,1,NULL,1),('000712',NULL,NULL,0,55800,21000,NULL,'어게인세럼*2ea','2020-08-17 19:07:11','2020-08-14 19:10:54',0,1,NULL,1),('000713',NULL,NULL,0,72000,25000,NULL,'어게인세럼*3ea','2020-08-17 19:07:11','2020-08-14 19:10:54',0,1,NULL,1),('000721',NULL,NULL,0,16800,15000,NULL,'A.C.솔루션*1ea','2020-08-17 19:07:10','2020-08-14 19:10:52',0,1,NULL,1),('000722',NULL,NULL,0,45000,19000,NULL,'A.C.솔루션*2ea','2020-08-17 19:07:10','2020-08-14 19:10:52',0,1,NULL,1),('000723',NULL,NULL,0,60000,23000,NULL,'A.C.솔루션*3ea','2020-08-17 19:07:10','2020-08-14 19:10:52',0,1,NULL,1),('000731',NULL,NULL,0,20000,17000,NULL,'컨트롤믹스*1ea','2020-08-17 19:07:11','2020-08-14 19:10:54',0,1,NULL,1),('000732',NULL,NULL,0,55800,21000,NULL,'컨트롤믹스*2ea','2020-08-17 19:07:11','2020-08-14 19:10:54',0,1,NULL,1),('000733',NULL,NULL,0,72000,25000,NULL,'컨트롤믹스*3ea','2020-08-17 19:07:11','2020-08-14 19:10:54',0,1,NULL,1),('000741',NULL,NULL,0,16800,15000,NULL,'플로라밀크*1ea','2020-08-17 19:07:11','2020-08-14 19:10:54',0,1,NULL,1),('000742',NULL,NULL,0,45000,19000,NULL,'플로라밀크*2ea','2020-08-17 19:07:11','2020-08-14 19:10:54',0,1,NULL,1),('000743',NULL,NULL,0,60000,23000,NULL,'플로라밀크*3ea','2020-08-17 19:07:11','2020-08-14 19:10:54',0,1,NULL,1),('000746',NULL,NULL,0,15800,7000,NULL,'애터미 옴므 토너','2020-11-10 18:40:06','2020-08-14 19:10:54',1,1,NULL,1),('000747',NULL,NULL,0,16800,8500,NULL,'애터미 옴므 에센스','2020-11-10 18:40:06','2020-08-14 19:10:54',1,1,NULL,1),('000748',NULL,NULL,0,15800,7000,NULL,'애터미 옴므 로션','2020-11-10 18:40:06','2020-08-14 19:10:54',1,1,NULL,1),('000761',NULL,NULL,0,55000,48000,NULL,'AC SPECIAL*1set','2020-08-17 19:07:10','2020-08-14 19:10:52',0,1,NULL,1),('000762',NULL,NULL,0,149400,60000,NULL,'AC SPECIAL*2set','2020-08-17 19:07:10','2020-08-14 19:10:52',0,1,NULL,1),('000763',NULL,NULL,0,196800,72000,NULL,'AC SPECIAL*3set','2020-08-17 19:07:10','2020-08-14 19:10:52',0,1,NULL,1),('000771',NULL,NULL,0,55000,48000,NULL,'CALMING CARE SPECIAL*1set','2020-08-17 19:07:10','2020-08-14 19:10:52',0,1,NULL,1),('000772',NULL,NULL,0,149400,60000,NULL,'CALMING CARE SPECIAL*2set','2020-08-17 19:07:10','2020-08-14 19:10:52',0,1,NULL,1),('000773',NULL,NULL,0,196800,72000,NULL,'CALMING CARE SPECIAL*3set','2020-08-17 19:07:10','2020-08-14 19:10:52',0,1,NULL,1),('000791',NULL,NULL,0,148000,75000,NULL,'애터미 EP 스킨부스터','2020-11-10 18:40:04','2020-08-14 19:10:52',1,1,NULL,1),('000807',NULL,NULL,0,6600,1200,NULL,'애터미 건전지 AAA','2020-11-10 18:40:04','2020-08-14 19:10:53',1,1,NULL,1),('000828',NULL,NULL,0,11000,2800,NULL,'애터미 세탁세제 (파우치)','2020-11-10 18:40:05','2020-08-18 17:52:11',1,1,NULL,1),('000829',NULL,NULL,0,8000,2400,NULL,'애터미 주방세제 + 펌프','2021-01-06 17:30:53','2020-09-23 15:26:56',1,1,NULL,1),('000830',NULL,NULL,0,1200,0,NULL,'애터미 주방 세제 펌프','2021-01-06 17:30:53','2020-09-23 15:26:56',1,1,NULL,1),('000837',NULL,NULL,0,3180,900,NULL,'비말차단 마스크(KF-AD)*5매','2020-11-10 18:40:04','2020-08-14 19:10:53',1,1,NULL,1),('000838',NULL,NULL,0,29800,6000,NULL,'비말차단 마스크(KF-AD)*50매','2020-11-10 18:40:04','2020-08-14 19:10:53',1,1,NULL,1),('000844',NULL,NULL,0,29800,6600,NULL,'애터미 플로어 크리너','2020-11-10 18:40:06','2020-09-23 15:26:57',1,1,NULL,1),('000845',NULL,NULL,0,14800,3300,NULL,'애터미 플로어 크리너 리필','2020-11-10 18:40:06','2020-09-23 15:26:57',1,1,NULL,1),('000856',NULL,NULL,0,33800,10000,NULL,'애터미 비타민 샤워기 세트',NULL,'2020-11-20 19:50:44',1,1,0,1),('000857',NULL,NULL,0,14900,4500,NULL,'애터미 세디먼트 필터',NULL,'2020-11-20 19:50:44',1,1,0,1),('000858',NULL,NULL,0,9500,3000,NULL,'애터미 비타민 필터 (레몬)',NULL,'2020-11-20 19:50:44',1,1,0,1),('000859',NULL,NULL,0,9500,3000,NULL,'애터미 비타민 필터 (무향)',NULL,'2020-11-20 19:50:44',1,1,0,1),('000863',NULL,NULL,0,667,0,NULL,'애터미 물티슈 휴대용*1ea','2020-08-17 19:07:11','2020-08-14 19:10:53',0,1,NULL,1),('000899',NULL,NULL,0,56800,8500,NULL,'애터미 비스프리 테이블탑 세트','2020-08-17 19:07:11','2020-08-14 19:10:53',0,1,NULL,1),('000909',NULL,NULL,0,37800,4000,NULL,'더 건강한 프리미엄 발효세트','2020-08-17 19:07:10','2020-08-14 19:10:53',0,1,NULL,1),('000913',NULL,NULL,0,19800,2300,NULL,'애터미 멸치 선물세트','2020-08-17 19:07:11','2020-08-14 19:10:53',0,1,NULL,1),('000916',NULL,NULL,0,59800,3000,NULL,'추자도 참굴비 20미','2020-11-10 18:40:06','2020-08-14 19:10:54',1,1,NULL,1),('000917',NULL,NULL,0,50900,2500,NULL,'추자도 참굴비 40미','2020-08-17 19:07:11','2020-08-14 19:10:54',0,1,NULL,1),('000918',NULL,NULL,0,245000,10000,NULL,'횡성 한우 구이세트','2020-08-17 19:07:11','2020-08-14 19:10:54',0,1,NULL,1),('000919',NULL,NULL,0,104000,3000,NULL,'횡성 한우 정육세트','2020-08-17 19:07:11','2020-08-14 19:10:54',0,1,NULL,1),('000924',NULL,NULL,0,27600,2100,NULL,'애터미 쌀눈쌀(추청)','2020-08-17 19:07:11','2020-08-14 19:10:54',0,1,NULL,1),('000926',NULL,NULL,0,43900,3000,NULL,'애터미 유기농 생토미 5kg*2포','2021-01-06 17:30:53','2020-08-14 19:10:54',1,1,NULL,1),('000928',NULL,NULL,0,62000,2000,NULL,'제주도 황금향','2020-08-17 19:07:11','2020-08-14 19:10:54',0,1,NULL,1),('000931',NULL,NULL,0,55600,8000,NULL,'애터미 감자로만든채식라면*2box','2020-11-10 18:40:04','2020-08-14 19:10:53',1,1,NULL,1),('000935',NULL,NULL,0,4950,500,NULL,'애터미 유기농 쌀밥','2020-08-17 19:07:11','2020-08-14 19:10:54',0,1,NULL,1),('000937',NULL,NULL,0,37500,3600,NULL,'애터미 오롯 착한곰탕 세트(2box)','2020-08-17 19:07:11','2020-08-14 19:10:54',0,1,NULL,1),('000942',NULL,NULL,0,29700,3000,NULL,'애터미 임실 스트링치즈 세트','2020-11-10 18:40:06','2020-08-14 19:10:54',1,1,NULL,1),('000943',NULL,NULL,0,3000,0,NULL,'애터미 착한 햄*1ea','2020-08-17 19:07:11','2020-08-14 19:10:54',0,1,NULL,1),('000945',NULL,NULL,0,14850,1500,NULL,'애터미 임실 스트링치즈','2020-08-17 19:07:11','2020-08-14 19:10:54',0,1,NULL,1),('000947',NULL,NULL,0,27000,3500,NULL,'애터미 착한 햄 선물세트','2020-08-17 19:07:11','2020-08-14 19:10:54',0,1,NULL,1),('000948',NULL,NULL,0,13900,0,NULL,'럼프 앤 크로우(게살)','2020-08-17 19:07:10','2020-08-14 19:10:53',0,1,NULL,1),('000949',NULL,NULL,0,27800,3000,NULL,'킹스크랩 세트(일반+프리미엄)','2020-08-17 19:07:11','2020-08-14 19:10:54',0,1,NULL,1),('000950',NULL,NULL,0,11800,2500,NULL,'애터미 해양심층수 1.2L*9EA','2020-11-10 18:40:06','2020-08-14 19:10:54',1,1,NULL,1),('000952',NULL,NULL,0,2500,0,NULL,'애터미 우리밀로 만든 두부과자*1EA','2020-08-17 19:07:11','2020-08-14 19:10:54',0,1,NULL,1),('000954',NULL,NULL,0,18560,0,NULL,'하틀리 잼 5종 선물세트','2020-08-17 19:07:11','2020-08-14 19:10:54',0,1,NULL,1),('000956',NULL,NULL,0,16000,2400,NULL,'애터미 명장 돌산갓김치 2kg','2020-11-10 18:40:05','2020-08-14 19:10:53',1,1,NULL,1),('000957',NULL,NULL,0,16000,2400,NULL,'애터미 명장 총각김치 2.5kg','2020-11-10 18:40:05','2020-08-14 19:10:53',1,1,NULL,1),('000958',NULL,NULL,0,16000,2400,NULL,'애터미 명장 열무김치 2.7kg','2020-11-10 18:40:05','2020-08-14 19:10:53',1,1,NULL,1),('000959',NULL,NULL,0,16000,2400,NULL,'애터미 명장 백김치 3kg','2020-11-10 18:40:05','2020-08-14 19:10:53',1,1,NULL,1),('000961',NULL,NULL,0,35700,5000,NULL,'애터미 명장 포기김치 8kg','2020-09-23 15:26:56','2020-08-14 19:10:53',0,1,NULL,1),('000962',NULL,NULL,0,39500,5500,NULL,'애터미 명장김치세트 8kg','2020-09-23 15:26:56','2020-08-14 19:10:53',0,1,NULL,1),('000963',NULL,NULL,0,37900,1200,NULL,'쓰리트윈즈 아이스크림','2020-08-17 19:07:10','2020-08-14 19:10:53',0,1,NULL,1),('000964',NULL,NULL,0,58900,3000,NULL,'쓰리트윈즈 아이스크림(혼합)','2020-08-17 19:07:10','2020-08-14 19:10:53',0,1,NULL,1),('000966',NULL,NULL,0,23250,0,NULL,'떼레발 실론 드림즈 18 싱글즈 선물세트 (단종)','2020-08-17 19:07:10','2020-08-14 19:10:53',0,1,NULL,1),('000974',NULL,NULL,0,93200,12000,NULL,'카페 아라비카*4set','2020-11-10 18:40:06','2020-08-14 19:10:54',1,1,NULL,1),('000976',NULL,NULL,0,34300,3800,NULL,'애터미 검은콩 고칼슘 두유*72ea','2020-11-10 18:40:04','2020-08-14 19:10:53',1,1,NULL,1),('000979',NULL,NULL,0,12800,3000,NULL,'애터미 해양심층수 500ml*20ea','2020-11-10 18:40:06','2020-08-14 19:10:54',1,1,NULL,1),('000980',NULL,NULL,0,12000,1300,NULL,'애터미 검은콩 고칼슘 두유*24ea','2020-11-10 18:40:04','2020-08-14 19:10:53',1,1,NULL,1),('000987',NULL,NULL,0,27800,4000,NULL,'애터미 착한 왕교자 세트','2020-11-10 18:40:06','2020-08-14 19:10:54',1,1,NULL,1),('000988',NULL,NULL,0,30800,1500,NULL,'임실치즈 프리미엄 치즈돈까스','2020-11-10 18:40:06','2020-08-14 19:10:54',1,1,NULL,1),('000989',NULL,NULL,0,177600,15000,NULL,'동원 참치선물세트*6세트','2020-08-17 19:07:10','2020-08-14 19:10:53',0,1,NULL,1),('000995',NULL,NULL,0,12800,3000,NULL,'애터미 해양심층수(내부)','2020-08-17 19:07:11','2020-08-14 19:10:54',0,1,NULL,1),('001004',NULL,NULL,0,14800,3300,NULL,'힙업 타이즈*2ea','2020-08-17 19:07:11','2020-08-14 19:10:54',0,1,NULL,1),('001006',NULL,NULL,0,26800,6000,NULL,'남성 드로즈 세트 M/95','2020-08-17 19:07:10','2020-08-14 19:10:53',0,1,NULL,1),('001007',NULL,NULL,0,26800,6000,NULL,'남성 드로즈 세트 L/100','2020-08-17 19:07:10','2020-08-14 19:10:53',0,1,NULL,1),('001008',NULL,NULL,0,26800,6000,NULL,'남성 드로즈 세트 XL/105','2020-08-17 19:07:10','2020-08-14 19:10:53',0,1,NULL,1),('001009',NULL,NULL,0,9933,0,NULL,'애터미 골반 서포트 팬티 스타킹','2020-08-17 19:07:10','2020-08-14 19:10:53',0,1,NULL,1),('001017',NULL,NULL,0,12800,1500,NULL,'수피마 신사 양말 세트','2020-08-17 19:07:10','2020-08-14 19:10:53',0,1,NULL,1),('001018',NULL,NULL,0,17500,2000,NULL,'실켓 신사 양말 세트','2020-08-17 19:07:10','2020-08-14 19:10:53',0,1,NULL,1),('001025',NULL,NULL,0,26800,6000,NULL,'남성 드로즈 세트(레귤러 라이즈) M/95','2020-08-17 19:07:10','2020-08-14 19:10:53',0,1,NULL,1),('001026',NULL,NULL,0,26800,6000,NULL,'남성 드로즈 세트(레귤러 라이즈) L/100','2020-08-17 19:07:10','2020-08-14 19:10:53',0,1,NULL,1),('001027',NULL,NULL,0,26800,6000,NULL,'남성 드로즈 세트(레귤러 라이즈) XL/105','2020-08-17 19:07:10','2020-08-14 19:10:53',0,1,NULL,1),('001028',NULL,NULL,0,26800,6000,NULL,'남성 드로즈 세트(레귤러 라이즈) XXL/110','2020-08-17 19:07:10','2020-08-14 19:10:53',0,1,NULL,1),('001066',NULL,NULL,0,6900,700,NULL,'남성 풋커버(블랙)','2020-08-17 19:07:10','2020-08-14 19:10:53',0,1,NULL,1),('001067',NULL,NULL,0,6900,700,NULL,'남성 풋커버(그레이)','2020-08-17 19:07:10','2020-08-14 19:10:53',0,1,NULL,1),('001068',NULL,NULL,0,6600,700,NULL,'여성 풋커버(누디)','2020-08-17 19:07:11','2020-08-14 19:10:54',0,1,NULL,1),('001069',NULL,NULL,0,6600,700,NULL,'여성 풋커버(블랙)','2020-08-17 19:07:11','2020-08-14 19:10:54',0,1,NULL,1),('001078',NULL,NULL,0,38000,8000,NULL,'여성 쉼 브라 스킨 2세트(75A)','2020-08-17 19:07:11','2020-08-14 19:10:54',0,1,NULL,1),('001079',NULL,NULL,0,38000,8000,NULL,'여성 쉼 브라 스킨 2세트(75B)','2020-08-17 19:07:11','2020-08-14 19:10:54',0,1,NULL,1),('001081',NULL,NULL,0,38000,8000,NULL,'여성 쉼 브라 스킨 2세트(80A)','2020-08-17 19:07:11','2020-08-14 19:10:54',0,1,NULL,1),('001082',NULL,NULL,0,38000,8000,NULL,'여성 쉼 브라 스킨 2세트(80B)','2020-08-17 19:07:11','2020-08-14 19:10:54',0,1,NULL,1),('001083',NULL,NULL,0,38000,8000,NULL,'여성 쉼 브라 스킨 2세트(80C)','2020-08-17 19:07:11','2020-08-14 19:10:54',0,1,NULL,1),('001084',NULL,NULL,0,38000,8000,NULL,'여성 쉼 브라 스킨 2세트(85A)','2020-08-17 19:07:11','2020-08-14 19:10:54',0,1,NULL,1),('001085',NULL,NULL,0,38000,8000,NULL,'여성 쉼 브라 스킨 2세트(85B)','2020-08-17 19:07:11','2020-08-14 19:10:54',0,1,NULL,1),('001086',NULL,NULL,0,38000,8000,NULL,'여성 쉼 브라 스킨 2세트(85C)','2020-08-17 19:07:11','2020-08-14 19:10:54',0,1,NULL,1),('001099',NULL,NULL,0,78000,13000,NULL,'남성100% 천연 캐시미어 머플러(블랙)','2020-08-17 19:07:10','2020-08-14 19:10:53',0,1,NULL,1),('001100',NULL,NULL,0,78000,13000,NULL,'남성 100% 천연 캐시미어 머플러(네이비)','2020-08-17 19:07:10','2020-08-14 19:10:53',0,1,NULL,1),('001111',NULL,NULL,0,99000,15000,NULL,'여성 100% 천연 캐시미어 스웨터(M/블랙)','2020-08-17 19:07:11','2020-08-14 19:10:54',0,1,NULL,1),('001112',NULL,NULL,0,99000,15000,NULL,'여성 100% 천연 캐시미어 스웨터(L/블랙)','2020-08-17 19:07:11','2020-08-14 19:10:54',0,1,NULL,1),('001113',NULL,NULL,0,99000,15000,NULL,'여성 100% 천연 캐시미어 스웨터(M/버건디)','2020-08-17 19:07:11','2020-08-14 19:10:54',0,1,NULL,1),('001114',NULL,NULL,0,99000,15000,NULL,'여성 100% 천연 캐시미어 스웨터(L/버건디)','2020-08-17 19:07:11','2020-08-14 19:10:54',0,1,NULL,1),('001115',NULL,NULL,0,99000,15000,NULL,'여성 100% 천연 캐시미어 스웨터(M/그레이)','2020-08-17 19:07:11','2020-08-14 19:10:54',0,1,NULL,1),('001116',NULL,NULL,0,99000,15000,NULL,'여성 100% 천연 캐시미어 스웨터(L/그레이)','2020-08-17 19:07:11','2020-08-14 19:10:54',0,1,NULL,1),('001117',NULL,NULL,0,26900,5000,NULL,'남성 컴포트 캐주얼 셔츠(네이비 M/95)','2020-08-17 19:07:10','2020-08-14 19:10:53',0,1,NULL,1),('001118',NULL,NULL,0,26900,5000,NULL,'남성 컴포트 캐주얼 셔츠(네이비 L/100)','2020-08-17 19:07:10','2020-08-14 19:10:53',0,1,NULL,1),('001123',NULL,NULL,0,24800,3000,NULL,'김규흔 한과 선물세트','2020-08-17 19:07:10','2020-08-14 19:10:53',0,1,NULL,1),('001124',NULL,NULL,0,24600,2000,NULL,'동원참치선물세트*1세트','2020-08-17 19:07:10','2020-08-14 19:10:53',0,1,NULL,1),('001126',NULL,NULL,0,47000,1000,NULL,'다이아몬드 노바시 새우 30미*8팩','2020-08-17 19:07:10','2020-08-14 19:10:53',0,1,NULL,1),('001127',NULL,NULL,0,1900,0,NULL,'우리나라 맛밤','2020-08-17 19:07:11','2020-08-14 19:10:54',0,1,NULL,1),('001128',NULL,NULL,0,7100,1000,NULL,'스페인 산니카시오 감자칩(150g)','2020-08-17 19:07:10','2020-08-14 19:10:53',0,1,NULL,1),('001130',NULL,NULL,0,37800,4000,NULL,'더 건강한 프리미엄 발효세트*1set','2020-11-10 18:40:03','2020-08-14 19:10:53',1,1,NULL,1),('001132',NULL,NULL,0,13900,0,NULL,'프레쉬 프리미엄 크랩','2020-08-17 19:07:11','2020-08-14 19:10:54',0,1,NULL,1),('001133',NULL,NULL,0,22800,2500,NULL,'리얼곤약 소바면*8ea','2020-08-17 19:07:10','2020-08-14 19:10:53',0,1,NULL,1),('001134',NULL,NULL,0,22800,2500,NULL,'리얼곤약 비빔면*8ea','2020-08-17 19:07:10','2020-08-14 19:10:53',0,1,NULL,1),('001135',NULL,NULL,0,37400,7000,NULL,'뷰코 코코넛워터 유기농','2020-11-10 18:40:04','2020-08-14 19:10:53',1,1,NULL,1),('001136',NULL,NULL,0,27500,4000,NULL,'애터미 착한 불고기','2020-11-10 18:40:06','2020-08-14 19:10:54',1,1,NULL,1),('001150',NULL,NULL,0,55600,8000,NULL,'애터미 감자로만든순한라면*2box','2020-11-10 18:40:04','2020-08-14 19:10:53',1,1,NULL,1),('001201',NULL,NULL,0,35000,35000,NULL,'애터미 맨*1set','2020-08-17 19:07:11','2020-08-14 19:10:53',0,1,NULL,1),('001202',NULL,NULL,0,84000,35000,NULL,'애터미 맨*2set','2020-08-17 19:07:11','2020-08-14 19:10:53',0,1,NULL,1),('001203',NULL,NULL,0,110000,35000,NULL,'애터미 맨*3set','2020-08-17 19:07:11','2020-08-14 19:10:53',0,1,NULL,1),('001211',NULL,NULL,0,11300,9000,NULL,'애터미 맨 토너*1ea','2020-08-17 19:07:11','2020-08-14 19:10:53',0,1,NULL,1),('001212',NULL,NULL,0,28000,10000,NULL,'애터미 맨 토너*2ea','2020-08-17 19:07:11','2020-08-14 19:10:53',0,1,NULL,1),('001213',NULL,NULL,0,36000,12000,NULL,'애터미 맨 토너*3ea','2020-08-17 19:07:11','2020-08-14 19:10:53',0,1,NULL,1),('001221',NULL,NULL,0,11300,9000,NULL,'애터미 맨 로션*1ea','2020-08-17 19:07:11','2020-08-14 19:10:53',0,1,NULL,1),('001222',NULL,NULL,0,28000,10000,NULL,'애터미 맨 로션*2ea','2020-08-17 19:07:11','2020-08-14 19:10:53',0,1,NULL,1),('001223',NULL,NULL,0,36000,12000,NULL,'애터미 맨 로션*3ea','2020-08-17 19:07:11','2020-08-14 19:10:53',0,1,NULL,1),('001231',NULL,NULL,0,12400,9000,NULL,'애터미 맨 에센스*1ea','2020-08-17 19:07:11','2020-08-14 19:10:53',0,1,NULL,1),('001232',NULL,NULL,0,29000,10000,NULL,'애터미 맨 에센스*2ea','2020-08-17 19:07:11','2020-08-14 19:10:53',0,1,NULL,1),('001233',NULL,NULL,0,39000,10000,NULL,'애터미 맨 에센스*3ea','2020-08-17 19:07:11','2020-08-14 19:10:53',0,1,NULL,1),('001392',NULL,NULL,0,26800,13000,NULL,'애터미 골드 콜라겐 앰플 쿠션 01 핑크 아이보리','2020-08-17 19:07:10','2020-08-14 19:10:53',0,1,NULL,1),('001393',NULL,NULL,0,26800,13000,NULL,'애터미 골드 콜라겐 앰플 쿠션 02 아이보리','2020-08-17 19:07:10','2020-08-14 19:10:53',0,1,NULL,1),('001394',NULL,NULL,0,26800,13000,NULL,'애터미 골드 콜라겐 앰플 쿠션 03 베이지','2020-08-17 19:07:10','2020-08-14 19:10:53',0,1,NULL,1),('001406',NULL,NULL,0,34800,14000,NULL,'애터미 골드 콜라겐 앰플 쿠션 01 핑크 아이보리 (3ea*1set)','2020-12-14 18:19:52','2020-08-14 19:10:53',1,1,NULL,1),('001407',NULL,NULL,0,34800,14000,NULL,'애터미 골드 콜라겐 앰플 쿠션 02 아이보리 (3ea*1set)','2020-12-14 18:19:52','2020-08-14 19:10:53',1,1,NULL,1),('001408',NULL,NULL,0,34800,14000,NULL,'애터미 골드 콜라겐 앰플 쿠션 03 베이지 (3ea*1set)','2020-12-14 18:19:52','2020-08-14 19:10:53',1,1,NULL,1),('001414',NULL,NULL,0,9800,3000,NULL,'애터미 스틱 컨실러','2020-08-17 19:07:11','2020-08-14 19:10:54',0,1,NULL,1),('001418',NULL,NULL,0,18800,7500,NULL,'애터미 에센셜 파운데이션_1호','2020-12-14 18:19:52','2020-11-20 19:50:44',1,1,0,1),('001419',NULL,NULL,0,18800,7500,NULL,'애터미 에센셜 파운데이션_2호','2020-12-14 18:19:52','2020-11-20 19:50:44',1,1,0,1),('001423',NULL,NULL,0,99000,50000,NULL,'애터미 골드 콜라겐 앰플 쿠션 01 핑크 아이보리 (9개입)','2020-11-10 18:40:05','2020-08-14 19:10:53',1,1,NULL,1),('001424',NULL,NULL,0,99000,50000,NULL,'애터미 골드 콜라겐 앰플 쿠션 02 아이보리 (9개입)','2020-11-20 19:50:43','2020-08-14 19:10:53',0,1,NULL,1),('001425',NULL,NULL,0,99000,50000,NULL,'애터미 골드 콜라겐 앰플 쿠션 03 베이지 (9개입)','2021-01-06 17:30:53','2020-08-14 19:10:53',0,1,NULL,1),('001443',NULL,NULL,0,98000,50000,NULL,'애터미 시너지 앰플 프로그램 * 1set','2020-11-10 18:40:06','2020-08-14 19:10:52',1,1,NULL,1),('001444',NULL,NULL,0,88000,45000,NULL,'애터미 시너지 앰플 어드밴스드 하이드레이션 세트',NULL,'2020-12-14 18:19:52',1,1,0,1),('001445',NULL,NULL,0,88000,45000,NULL,'애터미 시너지 앰플 비타 루미너스 세트',NULL,'2020-12-14 18:19:52',1,1,0,1),('001446',NULL,NULL,0,108000,55000,NULL,'애터미 시너지 앰플 24케이 골드 인퓨전 세트',NULL,'2020-12-14 18:19:52',1,1,0,1),('001447',NULL,NULL,0,108000,55000,NULL,'애터미 시너지 앰플 미라클 리쥬베네이팅 세트',NULL,'2020-12-14 18:19:52',1,1,0,1),('001448',NULL,NULL,0,246000,125000,NULL,'[프로모션] 애터미 시너지 앰플 EP 스킨부스터 세트','2020-11-10 18:40:02','2020-08-14 19:10:52',0,1,NULL,1),('001449',NULL,NULL,0,246000,125000,NULL,'애터미 시너지 앰플 EP 스킨 부스터 세트',NULL,'2020-11-10 18:40:06',1,1,0,1),('001453',NULL,NULL,0,392000,250000,NULL,'애터미 시너지 앰플 프로그램 * 4set','2020-11-10 18:40:06','2020-09-23 15:26:56',1,1,NULL,1),('001454',NULL,NULL,0,0,50000,NULL,'애터미 시너지 앰플 예판 PV 지급',NULL,'2020-09-23 15:26:56',0,1,NULL,1),('001455',NULL,NULL,0,352000,220000,NULL,'애터미 시너지 앰플 어드밴스드 하이드레이션 세트 * 4 set','2021-01-07 10:39:05','2021-01-06 17:30:53',1,1,0,1),('001456',NULL,NULL,0,352000,220000,NULL,'애터미 시너지 앰플 비타 루미너스 세트 * 4 set','2021-01-07 10:39:05','2021-01-06 17:30:53',1,1,0,1),('001457',NULL,NULL,0,432000,270000,NULL,'애터미 시너지 앰플 24케이 골드 인퓨전 세트 * 4 set','2021-01-07 10:39:05','2021-01-06 17:30:53',1,1,0,1),('001458',NULL,NULL,0,432000,270000,NULL,'애터미 시너지 앰플 미라클 리쥬베네이팅 세트 * 4 set','2021-01-07 10:39:05','2021-01-06 17:30:53',1,1,0,1),('001710',NULL,NULL,0,248000,70000,NULL,'애터미 통잠 토퍼 매트리스 SS','2020-11-10 18:40:06','2020-08-14 19:10:54',1,1,NULL,1),('001711',NULL,NULL,0,328000,90000,NULL,'애터미 통잠 토퍼 매트리스 Q','2020-11-10 18:40:06','2020-08-14 19:10:54',1,1,NULL,1),('001720',NULL,NULL,0,528000,260000,NULL,'[역시즌 이벤트] 애터미 도브라노츠 거위털 이불(Q)','2020-08-17 19:07:10','2020-08-14 19:10:52',0,1,NULL,1),('001722',NULL,NULL,0,385000,100000,NULL,'애터미 도브라노츠 거위털 이불 (S)','2020-08-17 19:07:11','2020-08-14 19:10:53',0,1,NULL,1),('001731',NULL,NULL,0,59000,17000,NULL,'애터미 그레이스펄 쥬얼리 세트(화이트)','2020-08-17 19:07:10','2020-08-14 19:10:53',0,1,NULL,1),('001732',NULL,NULL,0,59000,17000,NULL,'애터미 그레이스펄 쥬얼리 세트(로즈골드)','2020-11-10 18:40:05','2020-08-14 19:10:53',1,1,NULL,1),('001733',NULL,NULL,0,59000,17000,NULL,'애터미 노블레스 쥬얼리 세트(화이트)','2020-08-17 19:07:10','2020-08-14 19:10:53',0,1,NULL,1),('001734',NULL,NULL,0,59000,17000,NULL,'애터미 노블레스 쥬얼리 세트(로즈골드)','2020-08-17 19:07:10','2020-08-14 19:10:53',0,1,NULL,1),('001755',NULL,NULL,0,19800,6000,NULL,'애터미 헤이 독 발포껌 스피루리나','2020-12-15 10:48:13','2020-12-14 18:19:53',1,1,0,1),('001756',NULL,NULL,0,19800,6000,NULL,'애터미 헤이 독 발포껌 크랜베리','2020-12-15 10:48:13','2020-12-14 18:19:53',1,1,0,1),('001757',NULL,NULL,0,19800,6000,NULL,'애터미 헤이 독 발포껌 고구마','2020-12-15 10:48:13','2020-12-14 18:19:53',1,1,0,1),('001809',NULL,NULL,0,23800,1000,NULL,'애터미 사랑나눔 종이컵 280ml','2020-11-10 18:40:05','2020-08-14 19:10:53',1,1,NULL,1),('001813',NULL,NULL,0,7500,1500,NULL,'애터미 슬림바디 텀블러','2020-11-20 19:50:44','2020-08-14 19:10:54',1,1,NULL,1),('001814',NULL,NULL,0,0,0,NULL,'애터미 슬림바디 텀블러(증)','2020-08-17 19:07:11','2020-08-14 19:10:54',0,1,NULL,1),('001823',NULL,NULL,0,14300,3000,NULL,'애터미 스탠딩 유리뚜껑 28cm','2020-08-17 19:07:11','2020-08-14 19:10:54',0,1,NULL,1),('001824',NULL,NULL,0,108000,16000,NULL,'애터미 IH 티타늄 프라이팬 3종 세트','2020-08-17 19:07:10','2020-08-14 19:10:53',0,1,NULL,1),('001825',NULL,NULL,0,108000,16000,NULL,'애터미 IH 티타늄 프라이팬 3종 세트(사은품-애터미 사각플레이트 2p)','2020-08-17 19:07:10','2020-08-14 19:10:53',0,1,NULL,1),('001826',NULL,NULL,0,0,0,NULL,'애터미 사각플레이트','2020-08-17 19:07:11','2020-08-14 19:10:53',0,1,NULL,1),('001842',NULL,NULL,0,0,0,NULL,'애터미 카이 미노주방가위','2020-08-17 19:07:11','2020-08-14 19:10:54',0,1,NULL,1),('001900',NULL,NULL,0,16800,1000,NULL,'상하목장유기농우유(코코아)','2020-08-17 19:07:10','2020-08-14 19:10:53',0,1,NULL,1),('001901',NULL,NULL,0,16800,1000,NULL,'상하목장유기농우유(딸기)','2020-08-17 19:07:10','2020-08-14 19:10:53',0,1,NULL,1),('001902',NULL,NULL,0,16800,1000,NULL,'상하목장유기농우유(바나나)','2020-08-17 19:07:10','2020-08-14 19:10:53',0,1,NULL,1),('001903',NULL,NULL,0,16800,1000,NULL,'상하목장유기농우유','2020-08-17 19:07:10','2020-08-14 19:10:53',0,1,NULL,1),('001904',NULL,NULL,0,26900,2000,NULL,'애터미 에티오피아 싱글 오리진 라떼','2020-11-10 18:40:06','2020-08-14 19:10:54',1,1,NULL,1),('001906',NULL,NULL,0,440,0,NULL,'하틀리 잼 5종 선물세트 쇼핑백','2020-08-17 19:07:11','2020-08-14 19:10:54',0,1,NULL,1),('001907',NULL,NULL,0,550,0,NULL,'떼레발 실론 드림즈 18 싱글즈 선물세트 쇼핑백 (단종)','2020-08-17 19:07:10','2020-08-14 19:10:53',0,1,NULL,1),('001908',NULL,NULL,0,21800,2000,NULL,'하틀리 잼 5종 세트+쇼핑백','2020-09-23 15:26:57','2020-08-14 19:10:54',0,1,NULL,1),('001910',NULL,NULL,0,3250,500,NULL,'엘머 하트 초콜릿(Elmer Chocolate)','2020-08-17 19:07:11','2020-08-14 19:10:54',0,1,NULL,1),('001916',NULL,NULL,0,5475,500,NULL,'애터미 임실 구워먹는 치즈','2020-08-17 19:07:11','2020-08-14 19:10:54',0,1,NULL,1),('001917',NULL,NULL,0,22000,2500,NULL,'친한 리얼 포크 소시지 세트','2020-12-14 18:19:53','2020-08-14 19:10:54',0,1,NULL,1),('001918',NULL,NULL,0,14800,1500,NULL,'애터미 착한 삼계탕','2020-11-10 18:40:06','2020-08-14 19:10:54',1,1,NULL,1),('001921',NULL,NULL,0,1700,200,NULL,'애터미 콘칩 플레인 1ea','2020-11-10 18:40:06','2020-08-14 19:10:54',1,1,NULL,1),('001922',NULL,NULL,0,38400,6000,NULL,'애터미 콘칩 플레인 1box(24ea)','2020-11-10 18:40:06','2020-08-14 19:10:54',1,1,NULL,1),('001923',NULL,NULL,0,24800,2500,NULL,'애터미 착한 갈비탕','2020-11-10 18:40:06','2020-08-14 19:10:54',1,1,NULL,1),('001924',NULL,NULL,0,58000,20000,NULL,'애터미 9번 구워 만든 죽염','2020-11-10 18:40:04','2020-09-23 15:26:56',1,1,NULL,1),('001925',NULL,NULL,0,0,0,NULL,'콜드브루 선물세트 패키지',NULL,'2020-09-23 15:26:57',0,1,NULL,1),('001926',NULL,NULL,0,36000,4000,NULL,'콜드브루 선물세트 에티오피아 게이샤 2set','2020-11-10 18:40:06','2020-09-23 15:26:57',1,1,NULL,1),('001927',NULL,NULL,0,36000,4000,NULL,'콜드브루 선물세트 케냐 탑 2set','2020-11-10 18:40:06','2020-09-23 15:26:57',1,1,NULL,1),('001928',NULL,NULL,0,36000,4000,NULL,'콜드브루 선물세트 에티오피아 게이사 1set + 케냐탑 1set','2020-11-10 18:40:06','2020-09-23 15:26:57',1,1,NULL,1),('001929',NULL,NULL,0,42000,5000,NULL,'애터미 명장 포기김치 4kg*2',NULL,'2020-11-10 18:40:05',1,1,0,1),('002012',NULL,NULL,0,680000,200000,NULL,'공기청정기(내부)','2020-08-17 19:07:10','2020-08-14 19:10:53',0,1,NULL,1),('002013',NULL,NULL,0,78000,25000,NULL,'애터미 공기청정기 필터세트','2020-11-10 18:40:05','2020-08-14 19:10:53',1,1,NULL,1),('002014',NULL,NULL,0,36000,11000,NULL,'애터미 공기청정기 탈취필터','2020-11-10 18:40:05','2020-08-14 19:10:53',1,1,NULL,1),('002015',NULL,NULL,0,42000,14000,NULL,'애터미 공기청정기 헤파필터','2020-11-10 18:40:05','2020-08-14 19:10:53',1,1,NULL,1),('002204',NULL,NULL,0,18000,5000,NULL,'애터미 IH 헤어롤 리필(30mm)','2020-11-10 18:40:04','2020-08-14 19:10:53',1,1,NULL,1),('002206',NULL,NULL,0,20000,6000,NULL,'애터미 IH 헤어롤 리필(50mm)','2020-11-10 18:40:04','2020-08-14 19:10:53',1,1,NULL,1),('002208',NULL,NULL,0,3200,500,NULL,'애터미 IH 헤어집게(40/50mm 전용)','2020-11-10 18:40:04','2020-08-14 19:10:53',1,1,NULL,1),('002209',NULL,NULL,0,176000,44000,NULL,'[기획]애터미 IH 헤어 스타일러 + 애터미 헤어 에센셜오일','2020-08-17 19:07:10','2020-08-14 19:10:52',0,1,NULL,1),('002211',NULL,NULL,0,680000,200000,NULL,'애터미 공기청정기','2020-08-17 19:07:10','2020-08-14 19:10:53',0,1,NULL,1),('002212',NULL,NULL,0,148000,25000,NULL,'애터미 스마트 온열매트(싱글)','2020-08-17 19:07:11','2020-08-14 19:10:54',0,1,NULL,1),('002214',NULL,NULL,0,188000,35000,NULL,'애터미 스마트 온열매트(더블)','2020-08-17 19:07:11','2020-08-14 19:10:54',0,1,NULL,1),('002215',NULL,NULL,0,680000,200000,NULL,'애터미 공기청정기','2020-11-10 18:40:05','2020-08-14 19:10:53',1,1,NULL,1),('002216',NULL,NULL,0,148000,25000,NULL,'애터미 스마트 온열매트 20년형(싱글)','2020-08-17 19:07:11','2020-08-14 19:10:54',0,1,NULL,1),('002217',NULL,NULL,0,188000,35000,NULL,'애터미 스마트 온열매트 20년형(더블)','2020-08-17 19:07:11','2020-08-14 19:10:54',0,1,NULL,1),('002219',NULL,NULL,0,298000,110000,NULL,'애터미 세라믹 스마트 온열매트 싱글',NULL,'2020-12-14 18:19:52',1,1,0,1),('002220',NULL,NULL,0,388000,130000,NULL,'애터미 세라믹 스마트 온열매트 더블',NULL,'2020-12-14 18:19:52',1,1,0,1),('002221',NULL,NULL,0,158000,60000,NULL,'애터미 슬림 전기요 매트 싱글','2021-01-06 17:30:53','2020-12-14 18:19:52',1,1,0,1),('002222',NULL,NULL,0,188000,70000,NULL,'애터미 슬림 전기요 매트 더블','2021-01-06 17:30:53','2020-12-14 18:19:52',1,1,0,1),('002223',NULL,NULL,0,128000,40000,NULL,'애터미 세라믹 찜질 미니매트','2021-01-06 17:30:53','2020-12-14 18:19:52',1,1,0,1),('002401',NULL,NULL,0,100,0,NULL,'아톰미6종설명서(한,일,영)*1ea','2020-11-10 18:40:04','2020-08-14 19:10:53',1,1,NULL,1),('002406',NULL,NULL,0,1000,0,NULL,'판매원등록신청서1권(50ea)','2020-11-10 18:40:06','2020-08-14 19:10:54',1,1,NULL,1),('002407',NULL,NULL,0,1000,0,NULL,'상품구매계약서1권(50ea)','2020-11-10 18:40:04','2020-08-14 19:10:53',1,1,NULL,1),('002411',NULL,NULL,0,1000,0,NULL,'애터미 6종설명서(한,영)*10ea','2020-11-10 18:40:04','2020-08-14 19:10:53',1,1,NULL,1),('002412',NULL,NULL,0,1000,0,NULL,'이브닝케어4종설명서(한,영)*10ea','2020-11-10 18:40:06','2020-08-14 19:10:54',1,1,NULL,1),('002413',NULL,NULL,0,3500,0,NULL,'헤모힘설명서*10ea','2020-11-10 18:40:06','2020-08-14 19:10:54',1,1,NULL,1),('002414',NULL,NULL,0,30000,0,NULL,'쇼핑백(소)new*100ea','2020-11-10 18:40:04','2020-08-14 19:10:53',1,1,NULL,1),('002436',NULL,NULL,0,300,0,NULL,'애터미 헤모힘 쇼핑백','2020-11-10 18:40:06','2020-08-14 19:10:54',1,1,NULL,1),('002437',NULL,NULL,0,30000,0,NULL,'애터미 헤모힘 쇼핑백 * 100ea','2020-11-10 18:40:06','2020-08-14 19:10:54',1,1,NULL,1),('002439',NULL,NULL,0,0,0,NULL,'스킨케어 시스템 더페임 설명서 (한,영) * 1ea 입고용','2020-08-17 19:07:10','2020-08-14 19:10:53',0,1,NULL,1),('002440',NULL,NULL,0,1000,0,NULL,'스킨케어 시스템 더페임 설명서 (한,영) * 10ea','2020-08-17 19:07:10','2020-08-14 19:10:53',0,1,NULL,1),('002446',NULL,NULL,0,5800,0,NULL,'선물용 쇼핑백(소)*10ea','2020-08-17 19:07:10','2020-08-14 19:10:53',0,1,NULL,1),('002449',NULL,NULL,0,600,0,NULL,'애터미 종합 카탈로그*1ea','2020-08-17 19:07:11','2020-08-14 19:10:54',0,1,NULL,1),('002454',NULL,NULL,0,1000,0,NULL,'2019 애터미 캘린더','2020-08-17 19:07:09','2020-08-14 19:10:52',0,1,NULL,1),('002455',NULL,NULL,0,15000,0,NULL,'2019 애터미 비즈니스 다이어리','2020-08-17 19:07:09','2020-08-14 19:10:52',0,1,NULL,1),('002456',NULL,NULL,0,700,0,NULL,'2020 애터미 비즈니스 다이어리 내지 (줄 노트)','2020-08-17 19:07:09','2020-08-14 19:10:52',0,1,NULL,1),('002457',NULL,NULL,0,700,0,NULL,'2020 애터미 비즈니스 다이어리 내지 (무지 노트)','2020-12-14 18:19:52','2020-08-14 19:10:52',0,1,NULL,1),('002465',NULL,NULL,0,4000,0,NULL,'2020 애터미 비즈니스 다이어리 내지 전체','2020-08-17 19:07:09','2020-08-14 19:10:52',0,1,NULL,1),('002466',NULL,NULL,0,3000,0,NULL,'2021 애터미 다이어리 전체 내지','2021-01-06 17:30:53','2020-12-14 18:19:52',0,1,0,1),('002468',NULL,NULL,0,400,0,NULL,'애터미 미니 카탈로그*1ea','2020-11-10 18:40:05','2020-09-23 15:26:56',1,1,NULL,1),('002469',NULL,NULL,0,5000,0,NULL,'2020 글로벌 애터미언즈','2020-11-10 18:40:02','2020-08-14 19:10:52',1,1,NULL,1),('002470',NULL,NULL,0,200,0,NULL,'애터미 시너지 앰플 쇼핑백 * 1ea','2020-11-10 18:40:06','2020-09-23 15:26:56',1,1,NULL,1),('002471',NULL,NULL,0,20000,0,NULL,'애터미 시너지 앰플 쇼핑백 * 100ea','2020-11-10 18:40:06','2020-09-23 15:26:56',1,1,NULL,1),('002472',NULL,NULL,0,10000,0,NULL,'애터미 성공의 비밀 인문학에서 찾다',NULL,'2020-12-14 18:19:52',1,1,0,1),('002501',NULL,NULL,0,5000,0,NULL,'헤모힘설명서(영문)*10ea','2020-11-10 18:40:06','2020-08-14 19:10:54',1,1,NULL,1),('002511',NULL,NULL,0,500,0,NULL,'헤모힘설명서(영문)*1ea','2020-08-17 19:07:11','2020-08-14 19:10:54',0,1,NULL,1),('002604',NULL,NULL,0,300,0,NULL,'이브닝케어4종설명서(영문)*1ea','2020-08-17 19:07:11','2020-08-14 19:10:54',0,1,NULL,1),('002607',NULL,NULL,0,300,0,NULL,'헤어&바디set설명서(영문)*1ea','2020-08-17 19:07:11','2020-08-14 19:10:54',0,1,NULL,1),('002617',NULL,NULL,0,3000,0,NULL,'헤어&바디set설명서(영문)*10ea','2020-08-17 19:07:11','2020-08-14 19:10:54',0,1,NULL,1),('002621',NULL,NULL,0,500,0,NULL,'애터미 인생시나리오 북(국문) * 1ea','2020-11-10 18:40:06','2020-08-14 19:10:54',1,1,NULL,1),('002622',NULL,NULL,0,5000,0,NULL,'애터미 인생시나리오 북(국문) * 10ea','2020-11-10 18:40:06','2020-08-14 19:10:54',1,1,NULL,1),('002623',NULL,NULL,0,500,0,NULL,'애터미 인생시나리오 북(영문) * 1ea','2020-11-10 18:40:06','2020-08-14 19:10:54',1,1,NULL,1),('002624',NULL,NULL,0,5000,0,NULL,'애터미 인생시나리오 북(영문) * 10ea','2020-11-10 18:40:06','2020-08-14 19:10:54',1,1,NULL,1),('002700',NULL,NULL,0,3000,0,NULL,'애터미 회사 소개서 (국문)','2020-11-20 19:50:44','2020-08-14 19:10:54',0,1,NULL,1),('002703',NULL,NULL,0,3000,0,NULL,'애터미 회사 소개서 (영문)','2020-11-20 19:50:44','2020-08-14 19:10:54',0,1,NULL,1),('003001',NULL,NULL,0,142000,35000,NULL,'남성 노블 구두 DS7201(블랙/250)','2020-08-17 19:07:10','2020-08-14 19:10:53',0,1,NULL,1),('003002',NULL,NULL,0,142000,35000,NULL,'남성 노블 구두 DS7201(블랙/255)','2020-11-20 19:50:43','2020-08-14 19:10:53',1,1,NULL,1),('003003',NULL,NULL,0,142000,35000,NULL,'남성 노블 구두 DS7201(블랙/260)','2020-11-20 19:50:43','2020-08-14 19:10:53',1,1,NULL,1),('003004',NULL,NULL,0,142000,35000,NULL,'남성 노블 구두 DS7201(블랙/265)','2020-11-20 19:50:43','2020-08-14 19:10:53',1,1,NULL,1),('003005',NULL,NULL,0,142000,35000,NULL,'남성 노블 구두 DS7201(블랙/270)','2020-11-20 19:50:43','2020-08-14 19:10:53',1,1,NULL,1),('003006',NULL,NULL,0,142000,35000,NULL,'남성 노블 구두 DS7201(블랙/275)','2020-11-20 19:50:43','2020-08-14 19:10:53',1,1,NULL,1),('003007',NULL,NULL,0,142000,35000,NULL,'남성 노블 구두 DS7201(블랙/280)','2020-08-17 19:07:10','2020-08-14 19:10:53',0,1,NULL,1),('003008',NULL,NULL,0,142000,35000,NULL,'남성 노블 구두 DS7201(블랙/285)','2020-08-17 19:07:10','2020-08-14 19:10:53',0,1,NULL,1),('003009',NULL,NULL,0,142000,35000,NULL,'남성 노블 구두 DS7201(브라운/245)','2020-08-17 19:07:10','2020-08-14 19:10:53',0,1,NULL,1),('003010',NULL,NULL,0,142000,35000,NULL,'남성 노블 구두 DS7201(브라운/250)','2020-08-17 19:07:10','2020-08-14 19:10:53',0,1,NULL,1),('003011',NULL,NULL,0,142000,35000,NULL,'남성 노블 구두 DS7201(브라운/255)','2020-11-20 19:50:43','2020-08-14 19:10:53',1,1,NULL,1),('003012',NULL,NULL,0,142000,35000,NULL,'남성 노블 구두 DS7201(브라운/260)','2020-11-20 19:50:43','2020-08-14 19:10:53',1,1,NULL,1),('003013',NULL,NULL,0,142000,35000,NULL,'남성 노블 구두 DS7201(브라운/265)','2020-11-20 19:50:43','2020-08-14 19:10:53',1,1,NULL,1),('003014',NULL,NULL,0,142000,35000,NULL,'남성 노블 구두 DS7201(브라운/270)','2020-11-20 19:50:43','2020-08-14 19:10:53',1,1,NULL,1),('003015',NULL,NULL,0,142000,35000,NULL,'남성 노블 구두 DS7201(브라운/275)','2020-11-20 19:50:43','2020-08-14 19:10:53',1,1,NULL,1),('003017',NULL,NULL,0,142000,35000,NULL,'남성 노블 구두 DS7201(브라운/285)','2020-08-17 19:07:10','2020-08-14 19:10:53',0,1,NULL,1),('003019',NULL,NULL,0,142000,35000,NULL,'남성 노블 구두 DS7209(블랙/250)','2020-08-17 19:07:10','2020-08-14 19:10:53',0,1,NULL,1),('003020',NULL,NULL,0,142000,35000,NULL,'남성 노블 구두 DS7209(블랙/255)','2020-11-20 19:50:43','2020-08-14 19:10:53',1,1,NULL,1),('003021',NULL,NULL,0,142000,35000,NULL,'남성 노블 구두 DS7209(블랙/260)','2021-01-06 17:30:53','2020-08-14 19:10:53',0,1,NULL,1),('003022',NULL,NULL,0,142000,35000,NULL,'남성 노블 구두 DS7209(블랙/265)','2020-08-17 19:07:10','2020-08-14 19:10:53',0,1,NULL,1),('003023',NULL,NULL,0,142000,35000,NULL,'남성 노블 구두 DS7209(블랙/270)','2020-11-20 19:50:43','2020-08-14 19:10:53',1,1,NULL,1),('003024',NULL,NULL,0,142000,35000,NULL,'남성 노블 구두 DS7209(블랙/275)','2020-08-17 19:07:10','2020-08-14 19:10:53',0,1,NULL,1),('003025',NULL,NULL,0,142000,35000,NULL,'남성 노블 구두 DS7209(블랙/280)','2020-08-17 19:07:10','2020-08-14 19:10:53',0,1,NULL,1),('003026',NULL,NULL,0,142000,35000,NULL,'남성 노블 구두 DS7209(블랙/285)','2020-08-17 19:07:10','2020-08-14 19:10:53',0,1,NULL,1),('003027',NULL,NULL,0,142000,35000,NULL,'남성 노블 구두 DS7209(브라운/245)','2020-08-17 19:07:10','2020-08-14 19:10:53',0,1,NULL,1),('003028',NULL,NULL,0,142000,35000,NULL,'남성 노블 구두 DS7209(브라운/250)','2020-08-17 19:07:10','2020-08-14 19:10:53',0,1,NULL,1),('003029',NULL,NULL,0,142000,35000,NULL,'남성 노블 구두 DS7209(브라운/255)','2020-08-17 19:07:10','2020-08-14 19:10:53',0,1,NULL,1),('003030',NULL,NULL,0,142000,35000,NULL,'남성 노블 구두 DS7209(브라운/260)','2020-11-20 19:50:43','2020-08-14 19:10:53',1,1,NULL,1),('003031',NULL,NULL,0,142000,35000,NULL,'남성 노블 구두 DS7209(브라운/265)','2020-11-20 19:50:43','2020-08-14 19:10:53',1,1,NULL,1),('003032',NULL,NULL,0,142000,35000,NULL,'남성 노블 구두 DS7209(브라운/270)','2020-11-20 19:50:43','2020-08-14 19:10:53',1,1,NULL,1),('003033',NULL,NULL,0,142000,35000,NULL,'남성 노블 구두 DS7209(브라운/275)','2020-08-17 19:07:10','2020-08-14 19:10:53',0,1,NULL,1),('003037',NULL,NULL,0,148000,37000,NULL,'남성 노블 구두 DS7202(블랙/250)','2020-08-17 19:07:10','2020-08-14 19:10:53',0,1,NULL,1),('003038',NULL,NULL,0,148000,37000,NULL,'남성 노블 구두 DS7202(블랙/255)','2020-11-20 19:50:43','2020-08-14 19:10:53',1,1,NULL,1),('003039',NULL,NULL,0,148000,37000,NULL,'남성 노블 구두 DS7202(블랙/260)','2020-11-20 19:50:43','2020-08-14 19:10:53',1,1,NULL,1),('003040',NULL,NULL,0,148000,37000,NULL,'남성 노블 구두 DS7202(블랙/265)','2020-11-20 19:50:43','2020-08-14 19:10:53',1,1,NULL,1),('003041',NULL,NULL,0,148000,37000,NULL,'남성 노블 구두 DS7202(블랙/270)','2020-11-20 19:50:43','2020-08-14 19:10:53',1,1,NULL,1),('003042',NULL,NULL,0,148000,37000,NULL,'남성 노블 구두 DS7202(블랙/275)','2020-11-20 19:50:43','2020-08-14 19:10:53',1,1,NULL,1),('003043',NULL,NULL,0,148000,37000,NULL,'남성 노블 구두 DS7202(블랙/280)','2020-11-20 19:50:43','2020-08-14 19:10:53',1,1,NULL,1),('003044',NULL,NULL,0,148000,37000,NULL,'남성 노블 구두 DS7202(블랙/285)','2020-11-20 19:50:43','2020-08-14 19:10:53',1,1,NULL,1),('003045',NULL,NULL,0,148000,37000,NULL,'남성 노블 구두 DS7202(브라운/245)','2020-08-17 19:07:10','2020-08-14 19:10:53',0,1,NULL,1),('003046',NULL,NULL,0,148000,37000,NULL,'남성 노블 구두 DS7202(브라운/250)','2020-08-17 19:07:10','2020-08-14 19:10:53',0,1,NULL,1),('003047',NULL,NULL,0,148000,37000,NULL,'남성 노블 구두 DS7202(브라운/255)','2020-08-17 19:07:10','2020-08-14 19:10:53',0,1,NULL,1),('003048',NULL,NULL,0,148000,37000,NULL,'남성 노블 구두 DS7202(브라운/260)','2020-11-20 19:50:43','2020-08-14 19:10:53',1,1,NULL,1),('003049',NULL,NULL,0,148000,37000,NULL,'남성 노블 구두 DS7202(브라운/265)','2020-11-20 19:50:43','2020-08-14 19:10:53',1,1,NULL,1),('003050',NULL,NULL,0,148000,37000,NULL,'남성 노블 구두 DS7202(브라운/270)','2020-11-20 19:50:43','2020-08-14 19:10:53',1,1,NULL,1),('003051',NULL,NULL,0,148000,37000,NULL,'남성 노블 구두 DS7202(브라운/275)','2020-08-17 19:07:10','2020-08-14 19:10:53',0,1,NULL,1),('003052',NULL,NULL,0,148000,37000,NULL,'남성 노블 구두 DS7202(브라운/280)','2020-08-17 19:07:10','2020-08-14 19:10:53',0,1,NULL,1),('003053',NULL,NULL,0,148000,37000,NULL,'남성 노블 구두 DS7202(브라운/285)','2020-08-17 19:07:10','2020-08-14 19:10:53',0,1,NULL,1),('003055',NULL,NULL,0,148000,37000,NULL,'남성 노블 구두 DS7205(블랙/250)','2020-08-17 19:07:10','2020-08-14 19:10:53',0,1,NULL,1),('003056',NULL,NULL,0,148000,37000,NULL,'남성 노블 구두 DS7205(블랙/255)','2020-08-17 19:07:10','2020-08-14 19:10:53',0,1,NULL,1),('003057',NULL,NULL,0,148000,37000,NULL,'남성 노블 구두 DS7205(블랙/260)','2020-08-17 19:07:10','2020-08-14 19:10:53',0,1,NULL,1),('003058',NULL,NULL,0,148000,37000,NULL,'남성 노블 구두 DS7205(블랙/265)','2020-08-17 19:07:10','2020-08-14 19:10:53',0,1,NULL,1),('003059',NULL,NULL,0,148000,37000,NULL,'남성 노블 구두 DS7205(블랙/270)','2020-11-20 19:50:43','2020-08-14 19:10:53',1,1,NULL,1),('003060',NULL,NULL,0,148000,37000,NULL,'남성 노블 구두 DS7205(블랙/275)','2020-08-17 19:07:10','2020-08-14 19:10:53',0,1,NULL,1),('003061',NULL,NULL,0,148000,37000,NULL,'남성 노블 구두 DS7205(블랙/280)','2020-08-17 19:07:10','2020-08-14 19:10:53',0,1,NULL,1),('003062',NULL,NULL,0,148000,37000,NULL,'남성 노블 구두 DS7205(블랙/285)','2020-08-17 19:07:10','2020-08-14 19:10:53',0,1,NULL,1),('003063',NULL,NULL,0,148000,37000,NULL,'남성 노블 구두 DS7205(브라운/245)','2020-08-17 19:07:10','2020-08-14 19:10:53',0,1,NULL,1),('003064',NULL,NULL,0,148000,37000,NULL,'남성 노블 구두 DS7205(브라운/250)','2020-08-17 19:07:10','2020-08-14 19:10:53',0,1,NULL,1),('003065',NULL,NULL,0,148000,37000,NULL,'남성 노블 구두 DS7205(브라운/255)','2020-08-17 19:07:10','2020-08-14 19:10:53',0,1,NULL,1),('003066',NULL,NULL,0,148000,37000,NULL,'남성 노블 구두 DS7205(브라운/260)','2020-08-17 19:07:10','2020-08-14 19:10:53',0,1,NULL,1),('003067',NULL,NULL,0,148000,37000,NULL,'남성 노블 구두 DS7205(브라운/265)','2020-08-17 19:07:10','2020-08-14 19:10:53',0,1,NULL,1),('003068',NULL,NULL,0,148000,37000,NULL,'남성 노블 구두 DS7205(브라운/270)','2020-08-17 19:07:10','2020-08-14 19:10:53',0,1,NULL,1),('003069',NULL,NULL,0,148000,37000,NULL,'남성 노블 구두 DS7205(브라운/275)','2020-08-17 19:07:10','2020-08-14 19:10:53',0,1,NULL,1),('003070',NULL,NULL,0,148000,37000,NULL,'남성 노블 구두 DS7205(브라운/280)','2020-08-17 19:07:10','2020-08-14 19:10:53',0,1,NULL,1),('003071',NULL,NULL,0,148000,37000,NULL,'남성 노블 구두 DS7205(브라운/285)','2020-08-17 19:07:10','2020-08-14 19:10:53',0,1,NULL,1),('003073',NULL,NULL,0,142000,35000,NULL,'남성 노블 구두 DS7207(블랙/250)','2020-11-10 18:40:03','2020-08-14 19:10:53',1,1,NULL,1),('003074',NULL,NULL,0,142000,35000,NULL,'남성 노블 구두 DS7207(블랙/255)','2020-11-10 18:40:03','2020-08-14 19:10:53',1,1,NULL,1),('003075',NULL,NULL,0,142000,35000,NULL,'남성 노블 구두 DS7207(블랙/260)','2020-11-10 18:40:03','2020-08-14 19:10:53',1,1,NULL,1),('003076',NULL,NULL,0,142000,35000,NULL,'남성 노블 구두 DS7207(블랙/265)','2020-11-10 18:40:03','2020-08-14 19:10:53',1,1,NULL,1),('003077',NULL,NULL,0,142000,35000,NULL,'남성 노블 구두 DS7207(블랙/270)','2020-11-10 18:40:03','2020-08-14 19:10:53',1,1,NULL,1),('003078',NULL,NULL,0,142000,35000,NULL,'남성 노블 구두 DS7207(블랙/275)','2020-11-10 18:40:03','2020-08-14 19:10:53',1,1,NULL,1),('003079',NULL,NULL,0,142000,35000,NULL,'남성 노블 구두 DS7207(블랙/280)','2020-11-10 18:40:03','2020-08-14 19:10:53',1,1,NULL,1),('003080',NULL,NULL,0,142000,35000,NULL,'남성 노블 구두 DS7207(블랙/285)','2020-08-17 19:07:10','2020-08-14 19:10:53',0,1,NULL,1),('003081',NULL,NULL,0,142000,35000,NULL,'남성 노블 구두 DS7207(브라운/245)','2020-11-10 18:40:03','2020-08-14 19:10:53',1,1,NULL,1),('003082',NULL,NULL,0,142000,35000,NULL,'남성 노블 구두 DS7207(브라운/250)','2020-11-20 19:50:43','2020-08-14 19:10:53',1,1,NULL,1),('003083',NULL,NULL,0,142000,35000,NULL,'남성 노블 구두 DS7207(브라운/255)','2020-11-10 18:40:03','2020-08-14 19:10:53',1,1,NULL,1),('003084',NULL,NULL,0,142000,35000,NULL,'남성 노블 구두 DS7207(브라운/260)','2020-11-10 18:40:03','2020-08-14 19:10:53',1,1,NULL,1),('003089',NULL,NULL,0,142000,35000,NULL,'남성 노블 구두 DS7207(브라운/285)','2020-09-28 11:08:25','2020-08-14 19:10:53',0,1,NULL,1),('003090',NULL,NULL,0,158000,40000,NULL,'ㅇㅌㅁ 비제바노 여성 앵클부츠 (블랙/225)','2020-08-17 19:07:10','2020-08-14 19:10:52',0,1,NULL,1),('003091',NULL,NULL,0,158000,40000,NULL,'ㅇㅌㅁ 비제바노 여성 앵클부츠 (블랙/230)','2020-08-17 19:07:10','2020-08-14 19:10:52',0,1,NULL,1),('003092',NULL,NULL,0,158000,40000,NULL,'ㅇㅌㅁ 비제바노 여성 앵클부츠 (블랙/235)','2020-08-17 19:07:10','2020-08-14 19:10:53',0,1,NULL,1),('003093',NULL,NULL,0,158000,40000,NULL,'ㅇㅌㅁ 비제바노 여성 앵클부츠 (블랙/240)','2020-08-17 19:07:10','2020-08-14 19:10:53',0,1,NULL,1),('003094',NULL,NULL,0,158000,40000,NULL,'ㅇㅌㅁ 비제바노 여성 앵클부츠 (블랙/245)','2020-08-17 19:07:10','2020-08-14 19:10:53',0,1,NULL,1),('003095',NULL,NULL,0,158000,40000,NULL,'ㅇㅌㅁ 비제바노 여성 앵클부츠 (블랙/250)','2020-08-17 19:07:10','2020-08-14 19:10:53',0,1,NULL,1),('003096',NULL,NULL,0,158000,40000,NULL,'ㅇㅌㅁ 비제바노 여성 앵클부츠 (네이비/225)','2020-08-17 19:07:10','2020-08-14 19:10:52',0,1,NULL,1),('003097',NULL,NULL,0,158000,40000,NULL,'ㅇㅌㅁ 비제바노 여성 앵클부츠 (네이비/230)','2020-08-17 19:07:10','2020-08-14 19:10:52',0,1,NULL,1),('003098',NULL,NULL,0,158000,40000,NULL,'ㅇㅌㅁ 비제바노 여성 앵클부츠 (네이비/235)','2020-08-17 19:07:10','2020-08-14 19:10:52',0,1,NULL,1),('003099',NULL,NULL,0,158000,40000,NULL,'ㅇㅌㅁ 비제바노 여성 앵클부츠 (네이비/240)','2020-08-17 19:07:10','2020-08-14 19:10:52',0,1,NULL,1),('003100',NULL,NULL,0,158000,40000,NULL,'ㅇㅌㅁ 비제바노 여성 앵클부츠 (네이비/245)','2020-08-17 19:07:10','2020-08-14 19:10:52',0,1,NULL,1),('003101',NULL,NULL,0,158000,40000,NULL,'ㅇㅌㅁ 비제바노 여성 앵클부츠 (네이비/250)','2020-08-17 19:07:10','2020-08-14 19:10:52',0,1,NULL,1),('003102',NULL,NULL,0,158000,40000,NULL,'ㅇㅌㅁ 비제바노 여성 앵클부츠 (버건디/225)','2020-08-17 19:07:10','2020-08-14 19:10:52',0,1,NULL,1),('003103',NULL,NULL,0,158000,40000,NULL,'ㅇㅌㅁ 비제바노 여성 앵클부츠 (버건디/230)','2020-08-17 19:07:10','2020-08-14 19:10:52',0,1,NULL,1),('003104',NULL,NULL,0,158000,40000,NULL,'ㅇㅌㅁ 비제바노 여성 앵클부츠 (버건디/235)','2020-08-17 19:07:10','2020-08-14 19:10:52',0,1,NULL,1),('003105',NULL,NULL,0,158000,40000,NULL,'ㅇㅌㅁ 비제바노 여성 앵클부츠 (버건디/240)','2020-08-17 19:07:10','2020-08-14 19:10:52',0,1,NULL,1),('003106',NULL,NULL,0,158000,40000,NULL,'ㅇㅌㅁ 비제바노 여성 앵클부츠 (버건디/245)','2020-08-17 19:07:10','2020-08-14 19:10:52',0,1,NULL,1),('003107',NULL,NULL,0,158000,40000,NULL,'ㅇㅌㅁ 비제바노 여성 앵클부츠 (버건디/250)','2020-08-17 19:07:10','2020-08-14 19:10:52',0,1,NULL,1),('003108',NULL,NULL,0,158000,40000,NULL,'ㅇㅌㅁ 비제바노 여성 앵클부츠 (블랙스웨이드/225)','2020-08-17 19:07:10','2020-08-14 19:10:53',0,1,NULL,1),('003109',NULL,NULL,0,158000,40000,NULL,'ㅇㅌㅁ 비제바노 여성 앵클부츠 (블랙스웨이드/230)','2020-08-17 19:07:10','2020-08-14 19:10:53',0,1,NULL,1),('003110',NULL,NULL,0,158000,40000,NULL,'ㅇㅌㅁ 비제바노 여성 앵클부츠 (블랙스웨이드/235)','2020-08-17 19:07:10','2020-08-14 19:10:53',0,1,NULL,1),('003111',NULL,NULL,0,158000,40000,NULL,'ㅇㅌㅁ 비제바노 여성 앵클부츠 (블랙스웨이드/240)','2020-08-17 19:07:10','2020-08-14 19:10:53',0,1,NULL,1),('003112',NULL,NULL,0,158000,40000,NULL,'ㅇㅌㅁ 비제바노 여성 앵클부츠 (블랙스웨이드/245)','2020-08-17 19:07:10','2020-08-14 19:10:53',0,1,NULL,1),('003113',NULL,NULL,0,158000,40000,NULL,'ㅇㅌㅁ 비제바노 여성 앵클부츠 (블랙스웨이드/250)','2020-08-17 19:07:10','2020-08-14 19:10:53',0,1,NULL,1),('003114',NULL,NULL,0,158000,40000,NULL,'ㅇㅌㅁ 비제바노 여성 앵클부츠 (레오파드/225)','2020-08-17 19:07:10','2020-08-14 19:10:52',0,1,NULL,1),('003115',NULL,NULL,0,158000,40000,NULL,'ㅇㅌㅁ 비제바노 여성 앵클부츠 (레오파드/230)','2020-08-17 19:07:10','2020-08-14 19:10:52',0,1,NULL,1),('003116',NULL,NULL,0,158000,40000,NULL,'ㅇㅌㅁ 비제바노 여성 앵클부츠 (레오파드/235)','2020-08-17 19:07:10','2020-08-14 19:10:52',0,1,NULL,1),('003117',NULL,NULL,0,158000,40000,NULL,'ㅇㅌㅁ 비제바노 여성 앵클부츠 (레오파드/240)','2020-08-17 19:07:10','2020-08-14 19:10:52',0,1,NULL,1),('003118',NULL,NULL,0,158000,40000,NULL,'ㅇㅌㅁ 비제바노 여성 앵클부츠 (레오파드/245)','2020-08-17 19:07:10','2020-08-14 19:10:52',0,1,NULL,1),('003119',NULL,NULL,0,158000,40000,NULL,'ㅇㅌㅁ 비제바노 여성 앵클부츠 (레오파드/250)','2020-08-17 19:07:10','2020-08-14 19:10:52',0,1,NULL,1),('003120',NULL,NULL,0,42000,12000,NULL,'ㅇㅌㅁ 라쉬반 3D 퍼펙트 드로즈 3종 세트 M/95','2020-08-17 19:07:10','2020-08-14 19:10:52',0,1,NULL,1),('003121',NULL,NULL,0,42000,12000,NULL,'ㅇㅌㅁ 라쉬반 3D 퍼펙트 드로즈 3종 세트 L/100','2020-08-17 19:07:10','2020-08-14 19:10:52',0,1,NULL,1),('003122',NULL,NULL,0,42000,12000,NULL,'ㅇㅌㅁ 라쉬반 3D 퍼펙트 드로즈 3종 세트 XL/105','2020-08-17 19:07:10','2020-08-14 19:10:52',0,1,NULL,1),('003126',NULL,NULL,0,29800,7000,NULL,'ㅇㅌㅁ 남성 컴포트 캐주얼 셔츠 스트라이프 M/95','2020-08-17 19:07:10','2020-08-14 19:10:52',0,1,NULL,1),('003129',NULL,NULL,0,38000,10000,NULL,'ㅇㅌㅁ 남성 쿨맥스 이지 팬츠 블랙 30 인치','2020-08-17 19:07:10','2020-08-14 19:10:52',0,1,NULL,1),('003130',NULL,NULL,0,38000,10000,NULL,'ㅇㅌㅁ 남성 쿨맥스 이지 팬츠 블랙 32 인치','2020-08-17 19:07:10','2020-08-14 19:10:52',0,1,NULL,1),('003131',NULL,NULL,0,38000,10000,NULL,'ㅇㅌㅁ 남성 쿨맥스 이지 팬츠 블랙 33 인치','2020-08-17 19:07:10','2020-08-14 19:10:52',0,1,NULL,1),('003132',NULL,NULL,0,38000,10000,NULL,'ㅇㅌㅁ 남성 쿨맥스 이지 팬츠 블랙 34 인치','2020-08-17 19:07:10','2020-08-14 19:10:52',0,1,NULL,1),('003133',NULL,NULL,0,38000,10000,NULL,'ㅇㅌㅁ 남성 쿨맥스 이지 팬츠 블랙 36 인치','2020-08-17 19:07:10','2020-08-14 19:10:52',0,1,NULL,1),('003134',NULL,NULL,0,38000,10000,NULL,'ㅇㅌㅁ 남성 쿨맥스 이지 팬츠 네이비 30 인치','2020-08-17 19:07:10','2020-08-14 19:10:52',0,1,NULL,1),('003135',NULL,NULL,0,38000,10000,NULL,'ㅇㅌㅁ 남성 쿨맥스 이지 팬츠 네이비 32 인치','2020-08-17 19:07:10','2020-08-14 19:10:52',0,1,NULL,1),('003136',NULL,NULL,0,38000,10000,NULL,'ㅇㅌㅁ 남성 쿨맥스 이지 팬츠 네이비 33 인치','2020-08-17 19:07:10','2020-08-14 19:10:52',0,1,NULL,1),('003137',NULL,NULL,0,38000,10000,NULL,'ㅇㅌㅁ 남성 쿨맥스 이지 팬츠 네이비 34 인치','2020-08-17 19:07:10','2020-08-14 19:10:52',0,1,NULL,1),('003138',NULL,NULL,0,38000,10000,NULL,'ㅇㅌㅁ 남성 쿨맥스 이지 팬츠 네이비 36 인치','2020-08-17 19:07:10','2020-08-14 19:10:52',0,1,NULL,1),('003139',NULL,NULL,0,38000,10000,NULL,'ㅇㅌㅁ 남성 쿨맥스 이지 팬츠 그레이 30 인치','2020-08-17 19:07:10','2020-08-14 19:10:52',0,1,NULL,1),('003140',NULL,NULL,0,38000,10000,NULL,'ㅇㅌㅁ 남성 쿨맥스 이지 팬츠 그레이 32 인치','2020-08-17 19:07:10','2020-08-14 19:10:52',0,1,NULL,1),('003141',NULL,NULL,0,38000,10000,NULL,'ㅇㅌㅁ 남성 쿨맥스 이지 팬츠 그레이 33 인치','2020-08-17 19:07:10','2020-08-14 19:10:52',0,1,NULL,1),('003142',NULL,NULL,0,38000,10000,NULL,'ㅇㅌㅁ 남성 쿨맥스 이지 팬츠 그레이 34 인치','2020-08-17 19:07:10','2020-08-14 19:10:52',0,1,NULL,1),('003143',NULL,NULL,0,38000,10000,NULL,'ㅇㅌㅁ 남성 쿨맥스 이지 팬츠 그레이 36 인치','2020-08-17 19:07:10','2020-08-14 19:10:52',0,1,NULL,1),('003144',NULL,NULL,0,38000,8000,NULL,'여성 쉼 브라 블랙 2세트(75A)','2020-08-17 19:07:11','2020-08-14 19:10:54',0,1,NULL,1),('003145',NULL,NULL,0,38000,8000,NULL,'여성 쉼 브라 블랙 2세트(75B)','2020-08-17 19:07:11','2020-08-14 19:10:54',0,1,NULL,1),('003146',NULL,NULL,0,38000,8000,NULL,'여성 쉼 브라 블랙 2세트(75C)','2020-08-17 19:07:11','2020-08-14 19:10:54',0,1,NULL,1),('003147',NULL,NULL,0,38000,8000,NULL,'여성 쉼 브라 블랙 2세트(80A)','2020-08-17 19:07:11','2020-08-14 19:10:54',0,1,NULL,1),('003148',NULL,NULL,0,38000,8000,NULL,'여성 쉼 브라 블랙 2세트(80B)','2020-08-17 19:07:11','2020-08-14 19:10:54',0,1,NULL,1),('003149',NULL,NULL,0,38000,8000,NULL,'여성 쉼 브라 블랙 2세트(80C)','2020-08-17 19:07:11','2020-08-14 19:10:54',0,1,NULL,1),('003150',NULL,NULL,0,38000,8000,NULL,'여성 쉼 브라 블랙 2세트(85A)','2020-08-17 19:07:11','2020-08-14 19:10:54',0,1,NULL,1),('003151',NULL,NULL,0,38000,8000,NULL,'여성 쉼 브라 블랙 2세트(85B)','2020-08-17 19:07:11','2020-08-14 19:10:54',0,1,NULL,1),('003152',NULL,NULL,0,38000,8000,NULL,'여성 쉼 브라 블랙 2세트(85C)','2020-08-17 19:07:11','2020-08-14 19:10:54',0,1,NULL,1),('003163',NULL,NULL,0,53800,16000,NULL,'크리스찬 라크르와 여성 쿨 썸머 니트 가디건 세트 베이지 M','2020-08-17 19:07:11','2020-08-14 19:10:54',0,1,NULL,1),('003171',NULL,NULL,0,142000,35000,NULL,'남성 쿨 썸머 구두 블랙 245','2020-08-17 19:07:10','2020-08-14 19:10:53',0,1,NULL,1),('003172',NULL,NULL,0,142000,35000,NULL,'남성 쿨 썸머 구두 블랙 250','2020-08-17 19:07:10','2020-08-14 19:10:53',0,1,NULL,1),('003173',NULL,NULL,0,142000,35000,NULL,'남성 쿨 썸머 구두 블랙 255','2020-08-17 19:07:10','2020-08-14 19:10:53',0,1,NULL,1),('003174',NULL,NULL,0,142000,35000,NULL,'남성 쿨 썸머 구두 블랙 260','2020-08-17 19:07:10','2020-08-14 19:10:53',0,1,NULL,1),('003175',NULL,NULL,0,142000,35000,NULL,'남성 쿨 썸머 구두 블랙 265','2020-08-17 19:07:10','2020-08-14 19:10:53',0,1,NULL,1),('003176',NULL,NULL,0,142000,35000,NULL,'남성 쿨 썸머 구두 블랙 270','2020-08-17 19:07:10','2020-08-14 19:10:53',0,1,NULL,1),('003177',NULL,NULL,0,142000,35000,NULL,'남성 쿨 썸머 구두 블랙 275','2020-08-17 19:07:10','2020-08-14 19:10:53',0,1,NULL,1),('003178',NULL,NULL,0,142000,35000,NULL,'남성 쿨 썸머 구두 브라운 245','2020-08-17 19:07:10','2020-08-14 19:10:53',0,1,NULL,1),('003179',NULL,NULL,0,142000,35000,NULL,'남성 쿨 썸머 구두 브라운 250','2020-08-17 19:07:10','2020-08-14 19:10:53',0,1,NULL,1),('003180',NULL,NULL,0,142000,35000,NULL,'남성 쿨 썸머 구두 브라운 255','2020-08-17 19:07:10','2020-08-14 19:10:53',0,1,NULL,1),('003181',NULL,NULL,0,142000,35000,NULL,'남성 쿨 썸머 구두 브라운 260','2020-08-17 19:07:10','2020-08-14 19:10:53',0,1,NULL,1),('003182',NULL,NULL,0,142000,35000,NULL,'남성 쿨 썸머 구두 브라운 265','2020-08-17 19:07:10','2020-08-14 19:10:53',0,1,NULL,1),('003183',NULL,NULL,0,142000,35000,NULL,'남성 쿨 썸머 구두 브라운 270','2020-08-17 19:07:10','2020-08-14 19:10:53',0,1,NULL,1),('003184',NULL,NULL,0,142000,35000,NULL,'남성 쿨 썸머 구두 브라운 275','2020-08-17 19:07:10','2020-08-14 19:10:53',0,1,NULL,1),('003185',NULL,NULL,0,142000,35000,NULL,'남성 쿨 썸머 구두 블랙 280','2020-08-17 19:07:10','2020-08-14 19:10:53',0,1,NULL,1),('003186',NULL,NULL,0,142000,35000,NULL,'남성 쿨 썸머 구두 브라운 280','2020-08-17 19:07:10','2020-08-14 19:10:53',0,1,NULL,1),('003260',NULL,NULL,0,38000,8000,NULL,'ㅇㅌㅁ 여성 쉼 브라 세트 (레드/75A)','2021-01-06 17:30:53','2020-12-14 18:19:52',0,1,0,1),('003261',NULL,NULL,0,38000,8000,NULL,'ㅇㅌㅁ 여성 쉼 브라 세트 (레드/75B)','2021-01-06 17:30:53','2020-12-14 18:19:52',0,1,0,1),('003262',NULL,NULL,0,38000,8000,NULL,'ㅇㅌㅁ 여성 쉼 브라 세트 (레드/80A)','2021-01-06 17:30:53','2020-12-14 18:19:52',0,1,0,1),('003263',NULL,NULL,0,38000,8000,NULL,'ㅇㅌㅁ 여성 쉼 브라 세트 (레드/80B)','2021-01-06 17:30:53','2020-12-14 18:19:52',0,1,0,1),('003264',NULL,NULL,0,38000,8000,NULL,'ㅇㅌㅁ 여성 쉼 브라 세트 (레드/80C)',NULL,'2020-12-14 18:19:52',0,1,0,1),('003265',NULL,NULL,0,38000,8000,NULL,'ㅇㅌㅁ 여성 쉼 브라 세트 (레드/85A)','2021-01-06 17:30:53','2020-12-14 18:19:52',0,1,0,1),('003266',NULL,NULL,0,38000,8000,NULL,'ㅇㅌㅁ 여성 쉼 브라 세트 (레드/85B)','2021-01-06 17:30:53','2020-12-14 18:19:52',0,1,0,1),('003267',NULL,NULL,0,38000,8000,NULL,'ㅇㅌㅁ 여성 쉼 브라 세트 (레드/85C)','2021-01-06 17:30:53','2020-12-14 18:19:52',0,1,0,1),('003268',NULL,NULL,0,0,0,NULL,'ㅇㅌㅁ 뱀부 40수 위생팬티 (베이지/S90)','2020-11-20 19:50:43','2020-09-24 17:36:04',0,1,NULL,1),('003269',NULL,NULL,0,0,0,NULL,'ㅇㅌㅁ 뱀부 40수 위생팬티 (베이지/M95)','2020-11-20 19:50:43','2020-09-24 17:36:04',0,1,NULL,1),('003270',NULL,NULL,0,0,0,NULL,'ㅇㅌㅁ 뱀부 40수 위생팬티 (베이지/L100)','2020-11-20 19:50:43','2020-09-24 17:36:04',0,1,NULL,1),('003271',NULL,NULL,0,0,0,NULL,'ㅇㅌㅁ 뱀부 40수 위생팬티 (블랙/S90)','2020-11-20 19:50:43','2020-09-24 17:36:04',0,1,NULL,1),('003272',NULL,NULL,0,0,0,NULL,'ㅇㅌㅁ 뱀부 40수 위생팬티 (블랙/M95)','2020-11-20 19:50:43','2020-09-24 17:36:04',0,1,NULL,1),('003273',NULL,NULL,0,0,0,NULL,'ㅇㅌㅁ 뱀부 40수 위생팬티 (블랙/L100)','2020-11-20 19:50:43','2020-09-24 17:36:04',0,1,NULL,1),('003274',NULL,NULL,0,18900,5000,NULL,'ㅇㅌㅁ 테리타이즈','2020-12-14 18:19:52','2020-11-10 18:40:03',1,1,0,1),('003275',NULL,NULL,0,18000,3600,NULL,'ㅇㅌㅁ 여성 쉼 헴 팬티 세트 (레드/S90)','2021-01-06 17:30:53','2020-12-14 18:19:52',0,1,0,1),('003276',NULL,NULL,0,18000,3600,NULL,'ㅇㅌㅁ 여성 쉼 헴 팬티 세트 (레드/M95)','2021-01-06 17:30:53','2020-12-14 18:19:52',0,1,0,1),('003277',NULL,NULL,0,18000,3600,NULL,'ㅇㅌㅁ 여성 쉼 헴 팬티 세트 (레드/L100)','2021-01-06 17:30:53','2020-12-14 18:19:52',0,1,0,1),('003278',NULL,NULL,0,22000,4500,NULL,'ㅇㅌㅁ 여성 쉼 거들형 팬티 세트 (레드/S90)','2021-01-06 17:30:53','2020-12-14 18:19:52',0,1,0,1),('003279',NULL,NULL,0,22000,4500,NULL,'ㅇㅌㅁ 여성 쉼 거들형 팬티 세트 (레드/M95)','2021-01-06 17:30:53','2020-12-14 18:19:52',0,1,0,1),('003280',NULL,NULL,0,22000,4500,NULL,'ㅇㅌㅁ 여성 쉼 거들형 팬티 세트 (레드/L100)','2021-01-06 17:30:53','2020-12-14 18:19:52',0,1,0,1),('003281',NULL,NULL,0,11200,3000,NULL,'ㅇㅌㅁ 레그 서포트 팬티스타킹 베이지','2021-01-06 17:30:53','2020-11-10 18:40:02',1,1,0,1),('003282',NULL,NULL,0,11200,3000,NULL,'ㅇㅌㅁ 레그 서포트 팬티스타킹 블랙','2020-11-20 19:50:43','2020-11-10 18:40:02',0,1,0,1),('003283',NULL,NULL,0,49800,13000,NULL,'ㅇㅌㅁ 남성 리버시블 자동벨트','2021-01-06 17:30:53','2020-12-14 18:19:52',1,1,0,1),('003284',NULL,NULL,0,49800,13000,NULL,'ㅇㅌㅁ 여성 리버시블 비조벨트','2021-01-06 17:30:53','2020-12-14 18:19:52',1,1,0,1),('003285',NULL,NULL,0,49800,13000,NULL,'ㅇㅌㅁ 남성 자동 탄력벨트','2021-01-06 17:30:53','2020-12-14 18:19:52',1,1,0,1),('003900',NULL,NULL,0,64255,3000,NULL,'같이살자 테스트1','2020-08-17 19:07:10','2020-08-14 19:10:53',0,1,NULL,1),('003901',NULL,NULL,0,27900,2790,NULL,'[춘천그린식품]춘천닭갈비 2kg (국내산/냉장육)','2020-08-17 19:07:10','2020-08-14 19:10:52',0,1,NULL,1),('003902',NULL,NULL,0,13900,1390,NULL,'[산들녘] 코끼리마늘 1kg','2020-08-17 19:07:10','2020-08-14 19:10:52',0,1,NULL,1),('003903',NULL,NULL,0,48000,4800,NULL,'[산들녘]자연한끼식사 패키지 7팩','2020-08-17 19:07:10','2020-08-14 19:10:52',0,1,NULL,1),('003904',NULL,NULL,0,39000,3900,NULL,'[H201]비타민 샤워필터 6개월분(4개구성)','2020-08-17 19:07:10','2020-08-14 19:10:52',0,1,NULL,1),('003905',NULL,NULL,0,99000,9900,NULL,'[아쿠아픽] 무선 구강 세정기 AQ-230','2020-08-17 19:07:10','2020-08-14 19:10:52',0,1,NULL,1),('003906',NULL,NULL,0,48900,4890,NULL,'(재방송)[밥상애찬] 한상차림','2020-09-23 15:26:55','2020-08-14 19:10:52',0,1,NULL,1),('003907',NULL,NULL,0,47900,4790,NULL,'[팽현숙] 옛날 순대국 총 24인분','2020-08-17 19:07:10','2020-08-14 19:10:52',0,1,NULL,1),('003908',NULL,NULL,0,47900,4790,NULL,'[옥주부] 옥냉면 15인분 + 제주 바싹 불고기 4판','2020-08-17 19:07:10','2020-08-14 19:10:52',0,1,NULL,1),('003909',NULL,NULL,0,59000,5900,NULL,'[H201]비타민 샤워필터 12개월분(8개구성)','2020-08-17 19:07:10','2020-08-14 19:10:52',0,1,NULL,1),('003910',NULL,NULL,0,12900,1290,NULL,'[남도야] 전라도 화순 수미감자 5kg(증정 알감자 조림용 5kg)',NULL,'2020-08-19 07:42:28',0,1,NULL,1),('003911',NULL,NULL,0,15800,1580,NULL,'[된장푸는남자]냄새없는 청국장 1팩(4入)',NULL,'2020-08-20 06:08:58',0,1,NULL,1),('003912',NULL,NULL,0,39900,3990,NULL,'[된장푸는남자]떠먹는 발효콩 1팩(10入)',NULL,'2020-08-20 06:08:58',0,1,NULL,1),('003913',NULL,NULL,0,53800,5380,NULL,'[된장푸는 남자]발효콩 분말(550g)',NULL,'2020-08-20 06:08:58',0,1,NULL,1),('003914',NULL,NULL,0,34900,3490,NULL,'[된장푸는 남자]맛보기 멀티팩(발효콩+청국장+된장)',NULL,'2020-08-20 06:13:58',0,1,NULL,1),('003915',NULL,NULL,0,34800,3480,NULL,'[수평선 수산] 탕조림세트(동태탕+코다리시래기조림+고등어시래기조림)',NULL,'2020-08-19 07:42:28',0,1,NULL,1),('003916',NULL,NULL,0,65000,6500,NULL,'[제스파] 블랙워크 온열 발마사지기 ZP3625',NULL,'2020-08-19 07:42:28',0,1,NULL,1),('003917',NULL,NULL,0,51900,5190,NULL,'에어서클 서큘레이터 AR-A22CR','2020-09-23 15:26:57','2020-08-20 06:28:57',0,1,NULL,1),('003918',NULL,NULL,0,56500,5650,NULL,'3D입체회전 서큘레이터형 선풍기 AR-DC12C','2020-09-23 15:26:55','2020-08-20 06:28:57',0,1,NULL,1),('003919',NULL,NULL,0,99000,9900,NULL,'에어프리 유무선 선풍기 AR-A25DB','2020-09-23 15:26:57','2020-08-20 06:33:58',0,1,NULL,1),('003920',NULL,NULL,0,27900,2790,NULL,'[나주이화빵집]나주배구움빵 8ea+배양갱 4ea+나주쌀케이크 4ea',NULL,'2020-08-20 06:33:58',0,1,NULL,1),('003921',NULL,NULL,0,15900,1590,NULL,'[나주이화빵집]쫀득 사브레(단팥) 1팩(10ea)',NULL,'2020-08-20 06:38:58',0,1,NULL,1),('003922',NULL,NULL,0,18900,1890,NULL,'[나주이화빵집]쫀득 사브레(크림치즈) 1팩(10ea)',NULL,'2020-08-20 06:38:58',0,1,NULL,1),('003923',NULL,NULL,0,32900,3290,NULL,'[나주이화빵집]쫀득 사브레(단팥/크림치즈) 1팩(10ea+10ea)',NULL,'2020-08-20 06:43:58',0,1,NULL,1),('003924',NULL,NULL,0,38900,3890,NULL,'[대솔]산나물세트(취나물(60g)2봉+부지갱이(60g)2봉+곤드레(60g)2봉)',NULL,'2020-08-19 07:42:28',0,1,NULL,1),('003925',NULL,NULL,0,38900,3890,NULL,'[맥널티] 핸드드립 원두 커피백 70봉(드립포트 증정)',NULL,'2020-08-19 07:42:28',0,1,NULL,1),('003926',NULL,NULL,0,34000,3400,NULL,'[그랏토랏]스텐찬통 500ml 1개 + 1500ml 1개 + 2800ml 1개',NULL,'2020-09-23 15:26:55',0,1,NULL,1),('003927',NULL,NULL,0,34000,3400,NULL,'[그랏토랏]스텐찬통 500ml 4개',NULL,'2020-09-23 15:26:55',0,1,NULL,1),('003928',NULL,NULL,0,38000,3800,NULL,'[그랏토랏]스텐찬통 850ml 4개',NULL,'2020-09-23 15:26:55',0,1,NULL,1),('003929',NULL,NULL,0,36900,3690,NULL,'[대솔]대관령덕장 건조황태 세트(황태포4미+황태채200g)',NULL,'2020-08-19 07:42:28',0,1,NULL,1),('003930',NULL,NULL,0,9900,990,NULL,'[프레베]색이고운 양념채소 SET',NULL,'2020-09-23 15:26:55',0,1,NULL,1),('003931',NULL,NULL,0,19500,1950,NULL,'[프레베]맛있는 요리채소 SET',NULL,'2020-09-23 15:26:55',0,1,NULL,1),('003932',NULL,NULL,0,29000,2900,NULL,'[프레베]건강에 좋은 뿌리채소 SET',NULL,'2020-09-23 15:26:55',0,1,NULL,1),('003933',NULL,NULL,0,25900,2590,NULL,'[야베스]깔끔한 수제 요거트 150ml * 18ea',NULL,'2020-09-23 15:26:55',0,1,NULL,1),('003934',NULL,NULL,0,68000,6800,NULL,'[닌자] 프로페셔널 초퍼 NJ1001KR',NULL,'2020-09-23 15:26:55',0,1,NULL,1),('003935',NULL,NULL,0,12000,1200,NULL,'[송이뜰농장]노루궁뎅이버섯*2ea',NULL,'2020-09-23 15:26:55',0,1,NULL,1),('003936',NULL,NULL,0,35000,3500,NULL,'[송이뜰농장]국산무농약 노루궁뎅이 참송이버섯세트',NULL,'2020-09-23 15:26:55',0,1,NULL,1),('003937',NULL,NULL,0,80000,8000,NULL,'[송이뜰농장] 생버섯 3호선물세트 (생노루궁뎅이+생참송이)',NULL,'2020-09-23 15:26:55',0,1,NULL,1),('003938',NULL,NULL,0,26900,2690,NULL,'[케이프라이드]육함량부터 다른 두툼한 동그랑땡 500g*4ea',NULL,'2020-09-23 15:26:55',0,1,NULL,1),('004005',NULL,NULL,0,69600,35000,NULL,'애터미 홍삼진갱 선물세트','2020-08-17 19:07:11','2020-08-14 19:10:54',0,1,NULL,1),('004006',NULL,NULL,0,44000,22000,NULL,'애터미 식물성 조류 오메가3','2020-11-10 18:40:06','2020-08-14 19:10:54',1,1,NULL,1),('004007',NULL,NULL,0,38800,19500,NULL,'애터미 아이헬스 루아잔틴','2020-12-14 18:19:52','2020-11-10 18:40:06',0,1,0,1),('004008',NULL,NULL,0,34800,17000,NULL,'애터미 이너콜라겐','2020-11-10 18:40:06','2020-08-14 19:10:54',1,1,NULL,1),('004009',NULL,NULL,0,55000,27500,NULL,'애터미 컴파운드 케이','2020-08-17 19:07:11','2020-08-14 19:10:54',0,1,NULL,1),('004014',NULL,NULL,0,79600,40000,NULL,'슬림바디 쉐이크 2.0 2종+텀블러(증정)','2020-08-17 19:07:10','2020-08-14 19:10:53',0,1,NULL,1),('004015',NULL,NULL,0,24000,9500,NULL,'애터미 철분','2020-12-14 18:19:52','2020-11-20 19:50:44',1,1,0,1),('004019',NULL,NULL,0,35800,10000,NULL,'애터미 몽모랑시 타트체리 스틱','2020-12-14 18:19:52','2020-11-10 18:40:05',1,1,0,1),('004020',NULL,NULL,0,39800,20000,NULL,'애터미 슬림바디 쉐이크 2.0 그린티새싹',NULL,'2020-11-10 18:40:05',1,1,0,1),('004021',NULL,NULL,0,39800,20000,NULL,'애터미 슬림바디 쉐이크 2.0 카카오캐롭',NULL,'2020-11-10 18:40:05',1,1,0,1),('004100',NULL,NULL,0,158400,100000,NULL,'애터미 앱솔루트 셀랙티브 앰플 키트','2020-08-17 19:07:11','2020-08-14 19:10:54',0,1,NULL,1),('004102',NULL,NULL,0,498700,300000,NULL,'애터미 스타터 키트B','2020-08-17 19:07:11','2020-08-14 19:10:54',0,1,NULL,1),('004108',NULL,NULL,0,32900,11000,NULL,'아크로패스 트러블패치 1 + 1','2020-09-23 15:26:56','2020-08-14 19:10:53',0,1,NULL,1),('004109',NULL,NULL,0,29800,10000,NULL,'아크로패스 모스패치 1 + 1','2020-09-23 15:26:56','2020-08-14 19:10:53',0,1,NULL,1),('004113',NULL,NULL,0,57600,8000,NULL,'감자로만든 채식라면 2+1','2020-12-14 18:19:52','2020-08-14 19:10:53',0,1,NULL,1),('004114',NULL,NULL,0,31400,3000,NULL,'자몽주스 (2+1)','2020-08-17 19:07:11','2020-08-14 19:10:54',0,1,NULL,1),('004115',NULL,NULL,0,5100,600,NULL,'라이스칩 플레인 (3+1)','2020-08-17 19:07:10','2020-08-14 19:10:53',0,1,NULL,1),('004116',NULL,NULL,0,5100,600,NULL,'라이스칩 어니언 (3+1)','2020-08-17 19:07:10','2020-08-14 19:10:53',0,1,NULL,1),('004117',NULL,NULL,0,21800,2000,NULL,'하틀리잼 (1+1)','2020-08-17 19:07:11','2020-08-14 19:10:54',0,1,NULL,1),('004118',NULL,NULL,0,80000,24000,NULL,'적양파즙 (2+1)','2020-08-17 19:07:11','2020-08-14 19:10:54',0,1,NULL,1),('004124',NULL,NULL,0,80000,24000,NULL,'적양파즙  (2+1)','2020-08-17 19:07:11','2020-08-14 19:10:54',0,1,NULL,1),('004125',NULL,NULL,0,57600,8000,NULL,'감자로만든 순한라면Box 2+1','2020-11-20 19:50:43','2020-08-14 19:10:53',0,1,NULL,1),('004126',NULL,NULL,0,74800,14000,NULL,'코코넛 워터 (2 + 1)','2020-08-17 19:07:11','2020-08-14 19:10:54',0,1,NULL,1),('004127',NULL,NULL,0,22500,2100,NULL,'두부과자 3+1 (12ea)','2020-12-14 18:19:52','2020-08-14 19:10:53',0,1,NULL,1),('004128',NULL,NULL,0,30000,9000,NULL,'양갱*15ea (3+1)','2020-08-17 19:07:11','2020-08-14 19:10:54',0,1,NULL,1),('004129',NULL,NULL,0,44000,8000,NULL,'콤부차 2+1','2020-12-14 18:19:53','2020-08-14 19:10:54',0,1,NULL,1),('004130',NULL,NULL,0,149400,75000,NULL,'오롯이 담은 발효 노니 (3+1)',NULL,'2020-09-23 15:26:57',0,1,NULL,1),('004139',NULL,NULL,0,36000,4000,NULL,'게이샤 콜드브루 (2+1)','2020-08-17 19:07:10','2020-08-14 19:10:53',0,1,NULL,1),('004141',NULL,NULL,0,57600,19200,NULL,'알래스카 이-오메가3 3+1','2020-12-14 18:19:52','2020-08-14 19:10:54',0,1,NULL,1),('004163',NULL,NULL,0,19000,2200,NULL,'조림용 멸치 (2+1/교차증정)','2020-08-17 19:07:11','2020-08-14 19:10:54',0,1,NULL,1),('004168',NULL,NULL,0,63000,22500,NULL,'츄어블칼슘 3+1','2020-11-20 19:50:44','2020-08-14 19:10:54',0,1,NULL,1),('004169',NULL,NULL,0,44400,18000,NULL,'레몬 유래 엽산 3+1','2020-12-14 18:19:52','2020-08-14 19:10:53',0,1,NULL,1),('004170',NULL,NULL,0,59400,21000,NULL,'퓨어 스피루리나 100% 3+1','2021-01-06 17:30:53','2020-08-14 19:10:53',0,1,NULL,1),('004171',NULL,NULL,0,89100,30000,NULL,'소포라퀸 3+1','2020-12-14 18:19:52','2020-08-14 19:10:53',0,1,NULL,1),('004172',NULL,NULL,0,105000,37500,NULL,'멀티비타민(리뉴얼) 3+1','2021-01-06 17:30:53','2020-08-14 19:10:53',0,1,NULL,1),('004173',NULL,NULL,0,63000,22500,NULL,'키즈 츄어블 오메가 3 3+1','2020-11-20 19:50:44','2020-08-14 19:10:54',0,1,NULL,1),('004174',NULL,NULL,0,68400,25500,NULL,'키즈구미 멀티비타민 (3+1)','2020-08-17 19:07:11','2020-08-14 19:10:54',0,1,NULL,1),('004180',NULL,NULL,0,25600,7200,NULL,'원당 (2+1)','2020-08-17 19:07:11','2020-08-14 19:10:54',0,1,NULL,1),('004181',NULL,NULL,0,71400,9000,NULL,'카페아라비카 200T 3+1','2020-12-14 18:19:53','2020-08-14 19:10:54',0,1,NULL,1),('004182',NULL,NULL,0,18000,3000,NULL,'착한 골뱅이 3+1','2021-01-06 17:30:53','2020-08-14 19:10:54',0,1,NULL,1),('004183',NULL,NULL,0,19600,3000,NULL,'순창 고추장 (2+1)','2020-08-17 19:07:10','2020-08-14 19:10:53',0,1,NULL,1),('004184',NULL,NULL,0,84000,16000,NULL,'블루베리즙 (2+1)','2020-08-17 19:07:10','2020-08-14 19:10:53',0,1,NULL,1),('004185',NULL,NULL,0,9200,1800,NULL,'서생산 돌미역 (2+1)','2020-08-17 19:07:10','2020-08-14 19:10:53',0,1,NULL,1),('004186',NULL,NULL,0,19000,3000,NULL,'다시마 간장 2+1','2020-11-20 19:50:43','2020-08-14 19:10:53',0,1,NULL,1),('004187',NULL,NULL,0,35600,3600,NULL,'착한 곰탕 2+1','2020-12-14 18:19:53','2020-08-14 19:10:54',0,1,NULL,1),('004188',NULL,NULL,0,41400,4500,NULL,'다시팩 3+1','2020-11-20 19:50:43','2020-08-14 19:10:53',0,1,NULL,1),('004189',NULL,NULL,0,24000,2600,NULL,'두유 (2+1)','2020-08-17 19:07:10','2020-08-14 19:10:53',0,1,NULL,1),('004193',NULL,NULL,0,159200,100000,NULL,'슬림바디 쉐이크 2.0 챌린지 패키지','2020-08-17 19:07:10','2020-08-14 19:10:53',0,1,NULL,1),('004194',NULL,NULL,0,75000,30000,NULL,'슬림바디 보이차 3+1','2020-11-20 19:50:43','2020-08-14 19:10:53',0,1,NULL,1),('004196',NULL,NULL,0,159200,100000,NULL,'슬림바디 쉐이크 2.0 챌린지 패키지 (그레인)','2020-08-17 19:07:10','2020-08-14 19:10:53',0,1,NULL,1),('004197',NULL,NULL,0,159200,100000,NULL,'슬림바디 쉐이크 2.0 챌린지 패키지 (그레인+단호박)','2020-08-17 19:07:10','2020-08-14 19:10:53',0,1,NULL,1),('004198',NULL,NULL,0,198000,100000,NULL,'앱솔루트 스킨케어 세트 1 + 이브닝케어 세트 1','2020-08-17 19:07:11','2020-08-14 19:10:54',0,1,NULL,1),('004199',NULL,NULL,0,104400,51000,NULL,'이너콜라겐 3+1','2020-08-17 19:07:11','2020-08-14 19:10:54',0,1,NULL,1),('004200',NULL,NULL,0,75000,26400,NULL,'애터미 스칼프케어 2종 세트 3+1','2020-11-20 19:50:44','2020-08-14 19:10:54',0,1,NULL,1),('004201',NULL,NULL,0,32000,10000,NULL,'애터미 한방 바디 클렌저 4ea + 1ea','2020-08-17 19:07:11','2020-08-14 19:10:54',0,1,NULL,1),('004202',NULL,NULL,0,58000,10000,NULL,'애터미 치약 플러스 4set + 1set','2020-08-17 19:07:11','2020-08-14 19:10:54',0,1,NULL,1),('004203',NULL,NULL,0,31680,15600,NULL,'애터미 칫솔*1set(8ea) 4+1','2020-08-17 19:07:11','2020-08-14 19:10:54',0,1,NULL,1),('004204',NULL,NULL,0,9900,2250,NULL,'애터미 핸드솝*1ea 3+1','2020-08-17 19:07:11','2020-08-14 19:10:54',0,1,NULL,1),('004205',NULL,NULL,0,75000,37500,NULL,'차전자피 식이섬유 3+1','2020-11-20 19:50:44','2020-08-14 19:10:54',0,1,NULL,1),('004206',NULL,NULL,0,132000,66000,NULL,'식물성 조류 오메가3 3+1','2020-08-17 19:07:10','2020-08-14 19:10:53',0,1,NULL,1),('004207',NULL,NULL,0,132000,64000,NULL,'앱솔루트 셀랙티브 토너 4+1','2020-08-17 19:07:11','2020-08-14 19:10:54',0,1,NULL,1),('004208',NULL,NULL,0,145200,72000,NULL,'앱솔루트 셀랙티브 세럼 4+1','2020-08-17 19:07:11','2020-08-14 19:10:54',0,1,NULL,1),('004209',NULL,NULL,0,132000,64000,NULL,'앱솔루트 셀랙티브 로션 4+1','2020-08-17 19:07:11','2020-08-14 19:10:54',0,1,NULL,1),('004210',NULL,NULL,0,145200,72000,NULL,'앱솔루트 셀랙티브 아이컴플렉스 4+1','2020-08-17 19:07:11','2020-08-14 19:10:54',0,1,NULL,1),('004211',NULL,NULL,0,132000,64000,NULL,'앱솔루트 셀랙티브 영양크림 4+1','2020-08-17 19:07:11','2020-08-14 19:10:54',0,1,NULL,1),('004212',NULL,NULL,0,158400,80000,NULL,'앱솔루트 셀랙티브 앰플 4+1','2020-08-17 19:07:11','2020-08-14 19:10:54',0,1,NULL,1),('004213',NULL,NULL,0,104400,45000,NULL,'홍삼진갱 3+1',NULL,'2020-11-10 18:40:06',0,1,0,1),('004214',NULL,NULL,0,44400,4500,NULL,'삼계탕 3+1',NULL,'2020-11-10 18:40:04',0,1,0,1),('004215',NULL,NULL,0,3400,400,NULL,'콘칩 2+1',NULL,'2020-11-10 18:40:06',0,1,0,1),('004216',NULL,NULL,0,55600,7000,NULL,'착한만두 2+1',NULL,'2020-11-10 18:40:06',0,1,0,1),('004217',NULL,NULL,0,3400,400,NULL,'라이스칩(플레인) 2+1','2020-11-20 19:50:43','2020-11-10 18:40:03',0,1,0,1),('004218',NULL,NULL,0,3400,400,NULL,'라이스칩(어니언) 2+1','2020-11-20 19:50:43','2020-11-10 18:40:03',0,1,0,1),('004219',NULL,NULL,0,19600,5000,NULL,'손 소독제 겔(대용량) 2+1','2020-12-14 18:19:52','2020-11-20 19:50:43',0,1,0,1),('004220',NULL,NULL,0,35400,7500,NULL,'심층수 1.2L 3+1',NULL,'2020-11-10 18:40:04',0,1,0,1),('004221',NULL,NULL,0,55600,8000,NULL,'착한 왕교자세트 2+1',NULL,'2020-12-14 18:19:53',0,1,0,1),('004222',NULL,NULL,0,116000,40000,NULL,'9번 구워 만든 죽염 2+1',NULL,'2020-12-14 18:19:52',0,1,0,1),('004224',NULL,NULL,0,27000,4500,NULL,'착한 햄 3+1 (12ea)',NULL,'2020-12-14 18:19:53',0,1,0,1),('004225',NULL,NULL,0,25800,4500,NULL,'블랙미니 3+1',NULL,'2020-12-14 18:19:52',0,1,0,1),('004226',NULL,NULL,0,49600,5000,NULL,'착한 갈비탕 2+1',NULL,'2021-01-06 17:30:53',0,1,0,1),('004227',NULL,NULL,0,38400,9000,NULL,'심층수 500ml 3+1',NULL,'2021-01-06 17:30:53',0,1,0,1),('004229',NULL,NULL,0,54000,6000,NULL,'애터미 간 고등어 4kg + 삼치 700g','2020-11-20 19:50:43','2020-11-10 18:40:03',0,1,0,1),('004230',NULL,NULL,0,5000,0,NULL,'삼치 (증정)','2020-12-14 18:19:52','2020-11-10 18:40:04',0,1,0,1),('004231',NULL,NULL,0,74800,14000,NULL,'코코넛워터 2 + 코코넛밀크 1',NULL,'2021-01-06 17:30:53',0,1,0,1),('004232',NULL,NULL,0,4200,0,NULL,'코코넛 밀크 (증정)',NULL,'2021-01-06 17:30:53',0,1,0,1),('004233',NULL,NULL,0,103500,10500,NULL,'알찬견과 3set + 시리얼 4종',NULL,'2021-01-06 17:30:53',0,1,0,1),('004234',NULL,NULL,0,6000,0,NULL,'하루 꽉찬 통곡물 시리얼 (현미)',NULL,'2021-01-06 17:30:53',0,1,0,1),('004235',NULL,NULL,0,6000,0,NULL,'하루 꽉찬 통곡물 시리얼 (카카오)',NULL,'2021-01-06 17:30:53',0,1,0,1),('004236',NULL,NULL,0,6000,0,NULL,'하루 꽉찬 통곡물 시리얼 (밀싹)',NULL,'2021-01-06 17:30:53',0,1,0,1),('004237',NULL,NULL,0,6000,0,NULL,'하루 꽉찬 통곡물 시리얼 (시트러스)',NULL,'2021-01-06 17:30:53',0,1,0,1),('004238',NULL,NULL,0,8850,1875,NULL,'해양심층수 1.2L',NULL,'2020-11-10 18:40:06',0,1,0,1),('004239',NULL,NULL,0,9600,2250,NULL,'해양심층수 500 mL',NULL,'2021-01-06 17:30:53',0,1,0,1),('005000',NULL,NULL,0,2000,0,NULL,'[지난호] 애터미 매거진*1ea','2020-08-17 19:07:10','2020-08-14 19:10:52',0,1,NULL,1),('005001',NULL,NULL,0,10000,0,NULL,'[지난호] 애터미 매거진*5ea','2020-08-17 19:07:10','2020-08-14 19:10:52',0,1,NULL,1),('005002',NULL,NULL,0,2000,0,NULL,'[신간호]애터미 매거진*1ea','2020-08-17 19:07:10','2020-08-14 19:10:52',0,1,NULL,1),('005003',NULL,NULL,0,10000,0,NULL,'[신간호]애터미 매거진*5ea','2020-08-17 19:07:10','2020-08-14 19:10:52',0,1,NULL,1),('005004',NULL,NULL,0,2000,0,NULL,'2021년 03월 매거진 1ea','2020-08-17 19:07:09','2020-08-14 19:10:52',0,1,NULL,1),('005005',NULL,NULL,0,10000,0,NULL,'2021년 03월 매거진 5ea','2020-08-17 19:07:09','2020-08-14 19:10:52',0,1,NULL,1),('005006',NULL,NULL,0,1800,0,NULL,'2021년 03월 매거진 정기구독','2020-08-17 19:07:09','2020-08-14 19:10:52',0,1,NULL,1),('005007',NULL,NULL,0,2000,0,NULL,'2019년 06월 매거진 1ea','2020-08-17 19:07:09','2020-08-14 19:10:52',0,1,NULL,1),('005008',NULL,NULL,0,10000,0,NULL,'2019년 06월 매거진 5ea','2020-08-17 19:07:09','2020-08-14 19:10:52',0,1,NULL,1),('005009',NULL,NULL,0,1800,0,NULL,'2019년 06월 매거진 정기구독','2020-08-17 19:07:09','2020-08-14 19:10:52',0,1,NULL,1),('005010',NULL,NULL,0,2000,0,NULL,'2019년 09월 매거진 1ea','2020-08-17 19:07:09','2020-08-14 19:10:52',0,1,NULL,1),('005011',NULL,NULL,0,10000,0,NULL,'2019년 09월 매거진 5ea','2020-08-17 19:07:09','2020-08-14 19:10:52',0,1,NULL,1),('005012',NULL,NULL,0,1800,0,NULL,'2019년 09월 매거진 정기구독','2020-08-17 19:07:09','2020-08-14 19:10:52',0,1,NULL,1),('005013',NULL,NULL,0,2000,0,NULL,'2019년 12월 매거진 1ea','2020-08-17 19:07:09','2020-08-14 19:10:52',0,1,NULL,1),('005014',NULL,NULL,0,10000,0,NULL,'2019년 12월 매거진 5ea','2020-08-17 19:07:09','2020-08-14 19:10:52',0,1,NULL,1),('005015',NULL,NULL,0,1800,0,NULL,'2019년 12월 매거진 정기구독','2020-08-17 19:07:09','2020-08-14 19:10:52',0,1,NULL,1),('005016',NULL,NULL,0,2000,0,NULL,'매거진 애터미 2020년 봄호 1ea','2020-08-17 19:07:10','2020-08-14 19:10:53',0,1,NULL,1),('005017',NULL,NULL,0,10000,0,NULL,'매거진 애터미 2020년 봄호 5ea','2020-08-17 19:07:10','2020-08-14 19:10:53',0,1,NULL,1),('005018',NULL,NULL,0,1800,0,NULL,'2020년 03월 매거진 정기구독','2020-08-17 19:07:09','2020-08-14 19:10:52',0,1,NULL,1),('005019',NULL,NULL,0,2000,0,NULL,'매거진 애터미 2020년 여름호 1ea','2020-08-17 19:07:10','2020-08-14 19:10:53',0,1,NULL,1),('005020',NULL,NULL,0,10000,0,NULL,'매거진 애터미 2020년 여름호 5ea','2020-08-17 19:07:10','2020-08-14 19:10:53',0,1,NULL,1),('005021',NULL,NULL,0,1800,0,NULL,'2020년 06월 매거진 정기구독','2020-08-17 19:07:09','2020-08-14 19:10:52',0,1,NULL,1),('005022',NULL,NULL,0,2000,0,NULL,'매거진 애터미 2020년 가을호 1ea','2020-12-14 18:19:52','2020-08-14 19:10:52',0,1,NULL,1),('005023',NULL,NULL,0,10000,0,NULL,'매거진 애터미 2020년 가을호 5ea','2020-12-14 18:19:52','2020-08-14 19:10:52',0,1,NULL,1),('005024',NULL,NULL,0,1800,0,NULL,'2020년 09월 매거진 정기구독','2020-08-17 19:07:09','2020-08-14 19:10:52',0,1,NULL,1),('005025',NULL,NULL,0,2000,0,NULL,'매거진 애터미 2020년 겨울호 1ea','2020-12-14 18:19:52','2020-08-14 19:10:52',0,1,NULL,1),('005026',NULL,NULL,0,10000,0,NULL,'매거진 애터미 2020년 겨울호 5ea','2020-12-14 18:19:52','2020-08-14 19:10:52',0,1,NULL,1),('005027',NULL,NULL,0,1800,0,NULL,'2020년 12월 매거진 정기구독','2020-08-17 19:07:09','2020-08-14 19:10:52',0,1,NULL,1),('00505-1','Toothpaste 1set 200g (1ea)','зубные пасты Прополис 200гр  1 шт',240,3000,10,'косметика \r','Toothpaste 1set 200g (1ea)',NULL,NULL,0,1,NULL,1),('00510-1','toothbrush 1ea','зубная щетка 1 шт',25,1000,0,'косметика \r','toothbrush 1ea',NULL,NULL,0,1,NULL,1),('005501',NULL,NULL,0,20000,0,NULL,'애터미 RUN KIT(블루/L100)','2020-08-17 19:07:10','2020-08-14 19:10:53',0,1,NULL,1),('005502',NULL,NULL,0,20000,0,NULL,'애터미 RUN KIT(블루/XL105)','2020-08-17 19:07:10','2020-08-14 19:10:53',0,1,NULL,1),('005503',NULL,NULL,0,20000,0,NULL,'애터미 RUN KIT(화이트/M95)','2020-08-17 19:07:10','2020-08-14 19:10:53',0,1,NULL,1),('005504',NULL,NULL,0,20000,0,NULL,'애터미 RUN KIT(화이트/L100)','2020-08-17 19:07:10','2020-08-14 19:10:53',0,1,NULL,1),('005505',NULL,NULL,0,20000,0,NULL,'애터미 RUN KIT(화이트/XL105)','2020-08-17 19:07:10','2020-08-14 19:10:53',0,1,NULL,1),('005506',NULL,NULL,0,23000,0,NULL,'애터미RUN KIT (티셔츠/XS85+슬링백)','2020-08-17 19:07:11','2020-08-14 19:10:54',0,1,NULL,1),('005507',NULL,NULL,0,23000,0,NULL,'애터미RUN KIT (티셔츠/S90+슬링백)','2020-08-17 19:07:11','2020-08-14 19:10:54',0,1,NULL,1),('005508',NULL,NULL,0,23000,0,NULL,'애터미RUN KIT (티셔츠/M95+슬링백)','2020-08-17 19:07:11','2020-08-14 19:10:54',0,1,NULL,1),('005509',NULL,NULL,0,23000,0,NULL,'애터미RUN KIT (티셔츠/L100+슬링백)','2020-08-17 19:07:11','2020-08-14 19:10:54',0,1,NULL,1),('005510',NULL,NULL,0,23000,0,NULL,'애터미RUN KIT (티셔츠/XL105+슬링백)','2020-08-17 19:07:11','2020-08-14 19:10:54',0,1,NULL,1),('005511',NULL,NULL,0,10000,0,NULL,'애터미RUN KIT (아동용 티셔츠/6(S) /4~5세)','2020-08-17 19:07:11','2020-08-14 19:10:54',0,1,NULL,1),('005512',NULL,NULL,0,10000,0,NULL,'애터미RUN KIT (아동용 티셔츠/7(M) /6~7세)','2020-08-17 19:07:11','2020-08-14 19:10:54',0,1,NULL,1),('005513',NULL,NULL,0,10000,0,NULL,'애터미RUN KIT (아동용 티셔츠/8(M) /8~9세)','2020-08-17 19:07:11','2020-08-14 19:10:54',0,1,NULL,1),('005514',NULL,NULL,0,10000,0,NULL,'애터미RUN KIT (아동용 티셔츠/9(L) /10~11세)','2020-08-17 19:07:11','2020-08-14 19:10:54',0,1,NULL,1),('00930-1','채식라면 1ea','рамен , 1 шт',120,1400,0,'FOOD\r','채식라면 1ea',NULL,NULL,0,1,NULL,1),('00932-1','짜장 1ea','чаджамен 1 шт',190,1600,0,'FOOD\r','짜장 1ea',NULL,NULL,0,1,NULL,1),('00933-1','우리밀 감자라면 컵*1ea','рамен в чашках -коробка( 1 чашка)',70,1400,0,'FOOD\r','우리밀 감자라면 컵*1ea',NULL,NULL,0,1,NULL,1),('00946-1','착한 햄*1ea','1шт консервы колбаса',235,3500,0,'FOOD\r','착한 햄*1ea',NULL,NULL,0,1,NULL,1),('00973-1','Atomy Cafe Arabica 1 stick','Атоми кофе арабика микс 1 стик 0PV',15,220,0,'FOOD\r','Atomy Cafe Arabica 1 stick',NULL,NULL,0,1,NULL,1),('010003',NULL,NULL,0,0,0,NULL,'아자몰 상품구매내역','2020-08-17 19:07:10','2020-08-14 19:10:53',0,1,NULL,1),('010011',NULL,NULL,0,20900,10000,NULL,'아이폰XS 256G - 데이터on비디오','2020-08-17 19:07:10','2020-08-14 19:10:53',0,1,NULL,1),('010021',NULL,NULL,0,60500,50000,NULL,'A51 5G -슈퍼플랜베이직(신규/MNP)','2020-08-17 19:07:10','2020-08-14 19:10:52',0,1,NULL,1),('010031',NULL,NULL,0,20900,10000,NULL,'아이폰12 /아이폰12 mini','2020-12-14 18:19:52','2020-08-14 19:10:52',0,1,NULL,1),('010061',NULL,NULL,0,110000,100000,NULL,'갤럭시 Z플립','2020-08-17 19:07:10','2020-08-14 19:10:53',0,1,NULL,1),('010062',NULL,NULL,0,60500,50000,NULL,'A31 - 데이터 on 비디오','2020-08-17 19:07:10','2020-08-14 19:10:52',0,1,NULL,1),('010063',NULL,NULL,0,110000,100000,NULL,'갤럭시 A9 Pro - 데이터 on 비디오','2020-08-17 19:07:10','2020-08-14 19:10:53',0,1,NULL,1),('010064',NULL,NULL,0,20900,10000,NULL,'아이폰SE 2 - 데이터on 비디오','2020-08-17 19:07:10','2020-08-14 19:10:53',0,1,NULL,1),('010065',NULL,NULL,0,20900,10000,NULL,'갤럭시 S20/ S20+','2021-01-06 17:30:53','2020-08-14 19:10:53',0,1,NULL,1),('010066',NULL,NULL,0,60500,50000,NULL,'갤럭시 S10 512G/S10+ 데이터on비디오 (신규/MNP)','2020-08-17 19:07:10','2020-08-14 19:10:53',0,1,NULL,1),('010067',NULL,NULL,0,60500,50000,NULL,'2','2020-08-17 19:07:09','2020-08-14 19:10:52',0,1,NULL,1),('010068',NULL,NULL,0,110000,100000,NULL,'16-제목이미지오류','2020-08-17 19:07:09','2020-08-14 19:10:52',0,1,NULL,1),('010069',NULL,NULL,0,60500,50000,NULL,'갤럭시 S20/ S20+ -슈퍼플랜 베이직(신규/MNP)','2021-01-06 17:30:53','2020-08-14 19:10:53',0,1,NULL,1),('010081',NULL,NULL,0,209000,200000,NULL,'LG Q92 5G - 슈퍼플랜 베이직','2020-09-23 15:26:55','2020-08-14 19:10:52',0,1,NULL,1),('010103',NULL,NULL,0,110000,100000,NULL,'LG WING - 슈퍼플랜 베이직','2020-11-10 18:40:02','2020-08-14 19:10:52',0,1,NULL,1),('010201',NULL,NULL,0,258500,250000,NULL,'갤럭시 S10e - 데이터on비디오','2020-08-17 19:07:10','2020-08-14 19:10:53',0,1,NULL,1),('010202',NULL,NULL,0,20900,10000,NULL,'갤럭시 A21S - 데이터on비디오','2020-08-17 19:07:10','2020-08-14 19:10:53',0,1,NULL,1),('010205',NULL,NULL,0,20900,10000,NULL,'3 - LTE','2020-08-17 19:07:09','2020-08-14 19:10:52',0,1,NULL,1),('010206',NULL,NULL,0,308000,300000,NULL,'아이폰12-사전예약','2020-11-10 18:40:04','2020-08-14 19:10:53',0,1,NULL,1),('010301',NULL,NULL,0,20900,10000,NULL,'4 -LTE','2020-08-17 19:07:09','2020-08-14 19:10:52',0,1,NULL,1),('010302',NULL,NULL,0,20900,10000,NULL,'아이폰 XR  128G - 데이터 on 비디오','2020-08-17 19:07:10','2020-08-14 19:10:53',0,1,NULL,1),('010401',NULL,NULL,0,209000,200000,NULL,'갤럭시 S20+/ S20울트라-슈퍼플랜 베이직(신규,MNP)','2020-08-17 19:07:10','2020-08-14 19:10:53',0,1,NULL,1),('010402',NULL,NULL,0,60500,50000,NULL,'iPhone 11 64G','2020-08-17 19:07:10','2020-08-14 19:10:52',0,1,NULL,1),('011001',NULL,NULL,0,110000,100000,NULL,'iPhone11 Pro 256G','2020-08-17 19:07:10','2020-08-14 19:10:52',0,1,NULL,1),('011002',NULL,NULL,0,20900,10000,NULL,'5 - LTE','2020-08-17 19:07:10','2020-08-14 19:10:52',0,1,NULL,1),('015001',NULL,NULL,0,60500,50000,NULL,'Z Fold2 5G','2020-09-23 15:26:55','2020-08-14 19:10:53',0,1,NULL,1),('015002',NULL,NULL,0,60500,50000,NULL,'아이폰12Pro / 아이폰12 Pro Max - 슈퍼플랜 베이직','2020-12-14 18:19:52','2020-08-14 19:10:53',0,1,NULL,1),('016001',NULL,NULL,0,60500,50000,NULL,'갤럭시 노트20/노트20 Ultra - 슈퍼플랜 베이직','2020-09-23 15:26:55','2020-08-14 19:10:53',0,1,NULL,1),('017001',NULL,NULL,0,20900,10000,NULL,'16','2020-08-17 19:07:09','2020-08-14 19:10:52',0,1,NULL,1),('017002',NULL,NULL,0,209000,200000,NULL,'15','2020-08-17 19:07:09','2020-08-14 19:10:52',0,1,NULL,1),('017003',NULL,NULL,0,110000,100000,NULL,'12','2020-08-17 19:07:09','2020-08-14 19:10:52',0,1,NULL,1),('017004',NULL,NULL,0,20900,10000,NULL,'V50S ThinQ - 슈퍼플랜 베이직','2020-08-17 19:07:09','2020-08-14 19:10:52',0,1,NULL,1),('017005',NULL,NULL,0,60500,50000,NULL,'Z Flip 5G','2020-09-23 15:26:55','2020-08-14 19:10:52',0,1,NULL,1),('017006',NULL,NULL,0,209000,200000,NULL,'6 - LTE','2020-08-17 19:07:10','2020-08-14 19:10:52',0,1,NULL,1),('020000',NULL,NULL,0,39600,25000,NULL,'앱솔루트 셀랙티브 앰플 - 반','2020-08-17 19:07:11','2020-08-14 19:10:54',0,1,NULL,1),('020001',NULL,NULL,0,198000,133000,NULL,'스타터 앱솔루트 스킨케어 - 반','2020-08-17 19:07:10','2020-08-14 19:10:53',0,1,NULL,1),('020003',NULL,NULL,0,36900,23900,NULL,'스타터 아웃 에센스 - 반','2020-08-17 19:07:10','2020-08-14 19:10:53',0,1,NULL,1),('020004',NULL,NULL,0,30800,19900,NULL,'스타터 앱솔루트 아웃 크림 - 반','2020-08-17 19:07:10','2020-08-14 19:10:53',0,1,NULL,1),('020005',NULL,NULL,0,10800,5000,NULL,'스타터 에센스 선 - 반','2020-08-17 19:07:10','2020-08-14 19:10:53',0,1,NULL,1),('020006',NULL,NULL,0,38500,18600,NULL,'스타터 앱솔루트 헤어케어 - 반','2020-08-17 19:07:10','2020-08-14 19:10:53',0,1,NULL,1),('020007',NULL,NULL,0,80000,53100,NULL,'스타터 홍삼단 - 반','2020-08-17 19:07:10','2020-08-14 19:10:53',0,1,NULL,1),('020008',NULL,NULL,0,66000,33200,NULL,'스타터 석류미인 - 반','2020-08-17 19:07:10','2020-08-14 19:10:53',0,1,NULL,1),('020009',NULL,NULL,0,84000,52000,NULL,'스타터 헤모힘 - 반','2020-08-17 19:07:10','2020-08-14 19:10:53',0,1,NULL,1),('020010',NULL,NULL,0,52000,23500,NULL,'스타터 친생유산균 - 반','2020-08-17 19:07:10','2020-08-14 19:10:53',0,1,NULL,1),('02203-1','IH 헤어롤 리필(20mm)','бигуди  20мм  IH styler дополнительно',140,18000,5000,'Fashion\r','IH 헤어롤 리필(20mm)',NULL,NULL,0,1,NULL,1),('02205-1','IH 헤어롤 리필(40mm)','бигуди  40мм  IH styler дополнительно',220,20000,6000,'Fashion\r','IH 헤어롤 리필(40mm)',NULL,NULL,0,1,NULL,1),('03036-1',' DS7202  black 250',' DS7202  black 250',1300,148000,37000,'обувь\r',' DS7202  black 250',NULL,NULL,0,1,NULL,1),('03036-10',' DS7202  brown 250',' DS7202  brown 250',1300,148000,37000,'обувь\r',' DS7202  brown 250',NULL,NULL,0,1,NULL,1),('03036-11',' DS7202  brown 255',' DS7202  brown 255',1300,148000,37000,'обувь\r',' DS7202  brown 255',NULL,NULL,0,1,NULL,1),('03036-12',' DS7202  brown 260',' DS7202  brown 260',1300,148000,37000,'обувь\r',' DS7202  brown 260',NULL,NULL,0,1,NULL,1),('03036-13',' DS7202  brown 265',' DS7202  brown 265',1300,148000,37000,'обувь\r',' DS7202  brown 265',NULL,NULL,0,1,NULL,1),('03036-14',' DS7202  brown 270',' DS7202  brown 270',1300,148000,37000,'обувь\r',' DS7202  brown 270',NULL,NULL,0,1,NULL,1),('03036-15',' DS7202  brown 275',' DS7202  brown 275',1400,148000,37000,'обувь\r',' DS7202  brown 275',NULL,NULL,0,1,NULL,1),('03036-16',' DS7202  brown 280',' DS7202  brown 280',1400,148000,37000,'обувь\r',' DS7202  brown 280',NULL,NULL,0,1,NULL,1),('03036-17',' DS7202  brown 285',' DS7202  brown 285',1400,148000,37000,'обувь\r',' DS7202  brown 285',NULL,NULL,0,1,NULL,1),('03036-2',' DS7202  black 255',' DS7202  black 255',1300,148000,37000,'обувь\r',' DS7202  black 255',NULL,NULL,0,1,NULL,1),('03036-3',' DS7202  black 260',' DS7202  black 260',1300,148000,37000,'обувь\r',' DS7202  black 260',NULL,NULL,0,1,NULL,1),('03036-4',' DS7202  black 265',' DS7202  black 265',1300,148000,37000,'обувь\r',' DS7202  black 265',NULL,NULL,0,1,NULL,1),('03036-5',' DS7202  black 270',' DS7202  black 270',1300,148000,37000,'обувь\r',' DS7202  black 270',NULL,NULL,0,1,NULL,1),('03036-6',' DS7202  black 275',' DS7202  black 275',1400,148000,37000,'обувь\r',' DS7202  black 275',NULL,NULL,0,1,NULL,1),('03036-7',' DS7202  black 280',' DS7202  black 280',1400,148000,37000,'обувь\r',' DS7202  black 280',NULL,NULL,0,1,NULL,1),('03036-8',' DS7202  black 285',' DS7202  black 285',1400,148000,37000,'обувь\r',' DS7202  black 285',NULL,NULL,0,1,NULL,1),('03036-9',' DS7202  brown 245',' DS7202  brown 245',1300,148000,37000,'обувь\r',' DS7202  brown 245',NULL,NULL,0,1,NULL,1),('03054-1',' DS7205  black 250',' DS7205  black 250',1300,148000,37000,'обувь\r',' DS7205  black 250',NULL,NULL,0,1,NULL,1),('03054-10',' DS7205  brown 250',' DS7205  brown 250',1300,148000,37000,'обувь\r',' DS7205  brown 250',NULL,NULL,0,1,NULL,1),('03054-11',' DS7205  brown 255',' DS7205  brown 255',1300,148000,37000,'обувь\r',' DS7205  brown 255',NULL,NULL,0,1,NULL,1),('03054-12',' DS7205  brown 260',' DS7205  brown 260',1300,148000,37000,'обувь\r',' DS7205  brown 260',NULL,NULL,0,1,NULL,1),('03054-13',' DS7205  brown 265',' DS7205  brown 265',1300,148000,37000,'обувь\r',' DS7205  brown 265',NULL,NULL,0,1,NULL,1),('03054-14',' DS7205  brown 270',' DS7205  brown 270',1300,148000,37000,'обувь\r',' DS7205  brown 270',NULL,NULL,0,1,NULL,1),('03054-15',' DS7205  brown 275',' DS7205  brown 275',1400,148000,37000,'обувь\r',' DS7205  brown 275',NULL,NULL,0,1,NULL,1),('03054-16',' DS7205  brown 280',' DS7205  brown 280',1400,148000,37000,'обувь\r',' DS7205  brown 280',NULL,NULL,0,1,NULL,1),('03054-17',' DS7205  brown 285',' DS7205  brown 285',1400,148000,37000,'обувь\r',' DS7205  brown 285',NULL,NULL,0,1,NULL,1),('03054-2',' DS7205  black 255',' DS7205  black 255',1300,148000,37000,'обувь\r',' DS7205  black 255',NULL,NULL,0,1,NULL,1),('03054-3',' DS7205  black 260',' DS7205  black 260',1300,148000,37000,'обувь\r',' DS7205  black 260',NULL,NULL,0,1,NULL,1),('03054-4',' DS7205  black 265',' DS7205  black 265',1300,148000,37000,'обувь\r',' DS7205  black 265',NULL,NULL,0,1,NULL,1),('03054-5',' DS7205  black 270',' DS7205  black 270',1300,148000,37000,'обувь\r',' DS7205  black 270',NULL,NULL,0,1,NULL,1),('03054-6',' DS7205  black 275',' DS7205  black 275',1400,148000,37000,'обувь\r',' DS7205  black 275',NULL,NULL,0,1,NULL,1),('03054-7',' DS7205  black 280',' DS7205  black 280',1400,148000,37000,'обувь\r',' DS7205  black 280',NULL,NULL,0,1,NULL,1),('03054-8',' DS7205  black 285',' DS7205  black 285',1400,148000,37000,'обувь\r',' DS7205  black 285',NULL,NULL,0,1,NULL,1),('03054-9',' DS7205  brown 245',' DS7205  brown 245',1300,148000,37000,'обувь\r',' DS7205  brown 245',NULL,NULL,0,1,NULL,1),('1','HemoHIM 1set','Хемохим  1шт',1920,84000,42000,'Здоровье\r','애터미 헤모힘 1set','2020-11-10 18:40:06',NULL,1,1,NULL,1),('100001','box1','коробка + упаковка',500,0,0,'\r','box1',NULL,NULL,0,1,NULL,1),('100001-2','box2','коробка + упаковка',500,0,0,'\r','box2',NULL,NULL,0,1,NULL,1),('100001-3','box3','коробка + упаковка',500,0,0,'\r','box3',NULL,NULL,0,1,NULL,1),('100004','Каталог-журнал',' (Синий Каталог на русском) 2019 Описание бизнеса Атоми',195,4000,0,'\r','Каталог-журнал',NULL,NULL,0,1,NULL,1),('1001','Slim line panty stocking 1set(7P) NUDY','колготы 20ден',300,12500,2700,'Fashion\r','슬림라인 팬티 스타킹 베이지','2020-11-20 19:50:43',NULL,1,1,NULL,1),('1002','Slim line panty stocking 1set(7P) COFFEE','колготы 20ден',300,12500,2700,'Fashion\r','슬림라인 팬티 스타킹 커피','2020-11-20 19:50:43',NULL,1,1,NULL,1),('1003','Slim line panty stocking 1set(7P) BLACK','колготы 20ден',300,12500,2700,'Fashion\r','슬림라인 팬티 스타킹 블랙','2020-11-20 19:50:43',NULL,1,1,NULL,1),('1005','Women\'s Ankle Socks 1set(5P)','женские капроновые носки',75,5500,1000,'Fashion\r','여성 앵클 삭스 누디','2020-11-20 19:50:44',NULL,0,1,NULL,1),('1010','골반 서포트 팬티 스타킹','колготы гольпан софт',165,29800,5000,'Fashion\r','애터미 골반 서포트 팬티 스타킹','2020-11-10 18:40:05',NULL,1,1,NULL,1),('1014','SUPIMA Men\'s T-Shirts 1Set(3P) M/95','Супима мужские футболки M/95',420,15900,2200,'Fashion\r','수피마 남성 티셔츠 M/95','2020-11-10 18:40:04',NULL,1,1,NULL,1),('1015','SUPIMA Men\'s T-Shirts 1Set(3P) L/100','Супима мужские футболки L/100',450,15900,2200,'Fashion\r','수피마 남성 티셔츠 L/100','2020-11-10 18:40:04',NULL,1,1,NULL,1),('1016','SUPIMA Men\'s T-Shirts 1Set(3P) XL/105','Супима мужские футболки XL/105',480,15900,2200,'Fashion\r','수피마 남성 티셔츠 XL/105','2020-11-10 18:40:04',NULL,1,1,NULL,1),('1021','Colors Men\'s Drawers 1set(3P) M/95','цветные мужские трусы ( 3 шт) M/95',155,26800,6000,'Fashion\r','수피마 남성 드로즈 3종 세트 M/95','2020-11-10 18:40:04',NULL,1,1,NULL,1),('1022','Colors  Men\'s Drawers 1set(3P) L/100','цветные мужские трусы ( 3 шт) L/100',165,26800,6000,'Fashion\r','수피마 남성 드로즈 3종 세트 L/100','2020-11-10 18:40:04',NULL,1,1,NULL,1),('1023',' Colors Men\'s Drawers 1set(3P) XL/105','цветные мужские трусы ( 3 шт) XL/105',175,26800,6000,'Fashion\r','수피마 남성 드로즈 3종 세트 XL/105','2020-11-10 18:40:04',NULL,1,1,NULL,1),('1024','Colors  Men\'s Drawers 1set(3P) XXL/110','цветные мужские трусы ( 3 шт)  XXL/110',185,26800,6000,'Fashion\r','수피마 남성 드로즈 3종 세트 XXL/110','2020-11-10 18:40:04',NULL,1,1,NULL,1),('1029','애터미 여성 앵클 삭스 (블랙)','носки капроновые,черные, 5 шт',75,5500,1000,'Fashion\r','여성 앵클 삭스 블랙','2020-11-20 19:50:44',NULL,1,1,NULL,1),('1030','Modal cashmere Men set M95 navy','Кашемир.нижнее белье Мужское M 95 темно-синий',550,49500,10000,'Fashion\r','모달캐시미어 내의 세트(남/M95/네이비 NAVY)','2020-08-17 19:07:10',NULL,0,1,NULL,1),('1031','Modal cashmere Men set L100 navy','Кашемир.нижнее белье Мужское L100 темно-синий',560,49500,10000,'Fashion\r','모달캐시미어 내의 세트(남/L100/네이비NAVY)','2020-08-17 19:07:10',NULL,0,1,NULL,1),('1032','Modal cashmere Men set XL 105 navy','Кашемир.нижнее белье Мужское XL105 темно-синий',565,49500,10000,'Fashion\r','모달캐시미어 내의 세트(남/XL105/네이비NAVY)','2020-08-17 19:07:10',NULL,0,1,NULL,1),('1033','Modal cashmere Women set S 90 beige','Кашемир.нижнее белье  Женское  S90 бежевый',545,49500,10000,'Fashion\r','모달캐시미어 내의 세트(여/S90/베이지BEIGE)','2020-08-17 19:07:10',NULL,0,1,NULL,1),('1034','Modal cashmere Women set M95 beige','Кашемир.нижнее белье Женское M95 бежевый',555,49500,10000,'Fashion\r','모달캐시미어 내의 세트(여/M95/베이지BEIGE)','2020-08-17 19:07:10',NULL,0,1,NULL,1),('1035','Modal cashmere Women set L100 beige','Кашемир.нижнее белье Женское L 100 бежевый',565,49500,10000,'Fashion\r','모달캐시미어 내의 세트(여/L100/베이지BEIGE)','2020-12-14 18:19:52',NULL,0,1,NULL,1),('1036','수피마 남성 런닝셔츠 Sleeveless M95 ','Супима муж.майки sleeveless M95  без рукавов',320,14800,2000,'Fashion\r','수피마 남성 런닝셔츠(M95)','2020-11-10 18:40:04',NULL,1,1,NULL,1),('1037','수피마 남성 런닝셔츠 Sleeveless L100','Супима муж.майки sleeveless L100  без рукавов',320,14800,2000,'Fashion\r','수피마 남성 런닝셔츠(L100)','2020-11-10 18:40:04',NULL,1,1,NULL,1),('1038','수피마 남성 런닝셔츠 Sleeveless XL105','Супима муж.майки sleeveless XL105  без рукавов',320,14800,2000,'Fashion\r','수피마 남성 런닝셔츠(XL105)','2020-11-10 18:40:04',NULL,1,1,NULL,1),('1039','수피마 남성 반팔 런닝셔츠 short M95','Супима муж майки короткий рукав  M95',350,16800,1700,'Fashion\r','수피마 남성 반팔 런닝셔츠(M95)','2020-11-10 18:40:04',NULL,1,1,NULL,1),('1040','수피마 남성 반팔 런닝셔츠 short L100','Супима муж майки короткий рукав  L100',360,16800,1700,'Fashion\r','수피마 남성 반팔 런닝셔츠(L100)','2020-11-10 18:40:04',NULL,1,1,NULL,1),('1041','수피마 남성 반팔 런닝셔츠 short XL105','Супима муж майки короткий рукав  XL105',360,16800,1700,'Fashion\r','수피마 남성 반팔 런닝셔츠(XL105)','2020-11-10 18:40:04',NULL,1,1,NULL,1),('1042','수피마 여성 런닝셔츠 sleeveless S  white','Супима  жен. майки S широкая лямка белые',260,13200,1500,'Fashion\r','수피마 여성 런닝셔츠(화이트/S85)','2020-12-14 18:19:52',NULL,0,1,NULL,1),('1043','수피마 여성 런닝셔츠 sleeveless M   white','Супима  жен. майки M   широкая лямка белые',260,13200,1500,'Fashion\r','수피마 여성 런닝셔츠(01.화이트/02.M90)','2020-08-17 19:07:10',NULL,0,1,NULL,1),('1044','수피마 여성 런닝셔츠 sleeveless L  white','Супима  жен. майки L   широкая лямка белые',260,13200,1500,'Fashion\r','수피마 여성 런닝셔츠(01.화이트/03.L95)','2020-08-17 19:07:10',NULL,0,1,NULL,1),('1045','수피마 여성 런닝셔츠 sleeveless S  бежевые','Супима  жен. майки S   широкая лямка бежевые',260,13200,1500,'Fashion\r','수피마 여성 런닝셔츠(02.베이지/01.S85)','2021-01-06 17:30:53',NULL,0,1,NULL,1),('1046','수피마 여성 런닝셔츠 sleeveless M  бежевые','Супима  жен. майки M   широкая лямка бежевые',260,13200,1500,'Fashion\r','수피마 여성 런닝셔츠(02.베이지/02.M90)','2020-08-17 19:07:10',NULL,0,1,NULL,1),('1047','수피마 여성 런닝셔츠 sleeveless L  бежевые','Супима  жен. майки L   широкая лямка бежевые',260,13200,1500,'Fashion\r','수피마 여성 런닝셔츠(02.베이지/03.L95)','2020-08-17 19:07:10',NULL,0,1,NULL,1),('1050','WHITE M95 노블 드레스셔츠','рубашка  белая М95 ',450,44800,12000,'Fashion\r','남성 노블 드레스셔츠 화이트 (M95)','2020-08-17 19:07:10',NULL,0,1,NULL,1),('1051','WHITE L100 노블 드레스셔츠','рубашка  белая  L100 ',450,44800,12000,'Fashion\r','남성 노블 드레스셔츠 화이트(L100)','2020-08-17 19:07:10',NULL,0,1,NULL,1),('1052','WHITE  XL105 노블 드레스셔츠','рубашка  белая XL105',450,44800,12000,'Fashion\r','남성 노블 드레스셔츠 화이트(XL105)','2020-08-17 19:07:10',NULL,0,1,NULL,1),('1053','WHITE XXL110 노블 드레스셔츠','рубашка  белая XXL110 ',450,44800,12000,'Fashion\r','남성 노블 드레스셔츠 화이트(XXL110)','2020-08-17 19:07:10',NULL,0,1,NULL,1),('1054','SKY M95 노블 드레스셔츠','рубашка голубая М95',450,44800,12000,'Fashion\r','남성 노블 드레스셔츠 블루 (M95)','2020-08-17 19:07:10',NULL,0,1,NULL,1),('1055','SKY L100  노블 드레스셔츠','рубашка голубая L100 ',450,44800,12000,'Fashion\r','남성 노블 드레스셔츠 블루(L100)','2020-08-17 19:07:10',NULL,0,1,NULL,1),('1056','SKY XL105 노블 드레스셔츠','рубашка голубая XL105',450,44800,12000,'Fashion\r','남성 노블 드레스셔츠 블루(XL105)','2020-08-17 19:07:10',NULL,0,1,NULL,1),('1057','SKY XXL110   노블 드레스셔츠','рубашка голубая XXL110 ',450,44800,12000,'Fashion\r','남성 노블 드레스셔츠 블루(XXL110)','2020-08-17 19:07:10',NULL,0,1,NULL,1),('1060','노블 벨트 클래식  BLACK','belt  ремень черный ',320,48000,12000,'Fashion\r','애터미 남성 노블 벨트 클래식 블랙','2020-11-20 19:50:43',NULL,0,1,NULL,1),('1061','노블 벨트 클래식  BROWN','belt  ремень brown',320,48000,12000,'Fashion\r','애터미 남성 노블 벨트 클래식 브라운','2020-11-10 18:40:05',NULL,1,1,NULL,1),('1062','노블 벨트 캐주얼  black','belt  ремень black',320,48000,12000,'Fashion\r','애터미 남성 노블 벨트 캐주얼 블랙','2020-12-14 18:19:52',NULL,0,1,NULL,1),('1063','노블 벨트 캐주얼  brown','belt  ремень brown',320,48000,12000,'Fashion\r','애터미 남성 노블 벨트 캐주얼 브라운','2020-11-20 19:50:43',NULL,1,1,NULL,1),('1064','여성 풋커버 (NUDY)','Следики женские бежевые',50,5900,700,'Fashion\r','여성 풋커버 (베이지)','2020-11-10 18:40:06',NULL,1,1,NULL,1),('1065','여성 풋커버(블랙) (BLACK)','Следики женские черные',50,5900,700,'Fashion\r','여성 풋커버 (블랙)','2020-11-10 18:40:06',NULL,1,1,NULL,1),('1070','수피마 여성 케미솔 white S','супима жен.майки  тонкие лямки камисоль белые S',245,12600,1300,'Fashion\r','수피마 여성 케미솔(화이트/S85)','2020-08-17 19:07:10',NULL,0,1,NULL,1),('1071','수피마 여성 케미솔 white M','супима жен.майки  тонкие лямки камисоль белые M',245,12600,1300,'Fashion\r','수피마 여성 케미솔(화이트/M90)','2020-08-17 19:07:10',NULL,0,1,NULL,1),('1072','수피마 여성 케미솔 white L','супима жен.майки  тонкие лямки камисоль белые L',245,12600,1300,'Fashion\r','수피마 여성 케미솔(화이트/L95)','2020-08-17 19:07:10',NULL,0,1,NULL,1),('1073','수피마 여성 케미솔 beige S','супима жен.майки  тонкие лямки камисоль бежевые S',245,12600,1300,'Fashion\r','수피마 여성 케미솔(베이지/S85)','2020-08-17 19:07:10',NULL,0,1,NULL,1),('1074','수피마 여성 케미솔 beige M','супима жен.майки  тонкие лямки камисоль бежевые M',245,12600,1300,'Fashion\r','수피마 여성 케미솔(베이지/M90)','2020-12-14 18:19:52',NULL,0,1,NULL,1),('1075','수피마 여성 케미솔 beige L','супима жен.майки  тонкие лямки камисоль бежевые L',245,12600,1300,'Fashion\r','수피마 여성 케미솔(베이지/L95)','2020-08-17 19:07:10',NULL,0,1,NULL,1),('108','Korean Red Ginseng spherical granule','красный женьшень гранулах 1 коробка ( 2 банки)',170,80000,40000,'Здоровье\r','애터미 홍삼단*1set','2020-11-10 18:40:06',NULL,1,1,NULL,1),('1080','여성 쉼 브라세트(75C)','бра 75C бежевые',400,38000,8000,'Fashion\r','여성 쉼 브라 스킨 2세트(75C)','2020-08-17 19:07:11',NULL,0,1,NULL,1),('1090','여성 쉼 헴 팬티 세트(S90)','обычные трусики S90 бежевые',130,18000,3600,'Fashion\r','여성 쉼 헴 팬티 베이지 2세트(S90)','2020-11-10 18:40:06',NULL,1,1,NULL,1),('1091','여성 쉼 헴 팬티 세트(M95)','обычные трусики M95 бежевые',130,18000,3600,'Fashion\r','여성 쉼 헴 팬티 베이지 2세트(M95)','2020-11-10 18:40:06',NULL,1,1,NULL,1),('1092','여성 쉼 헴 팬티 세트(L100)','обычные трусики L100 бежевые',130,18000,3600,'Fashion\r','여성 쉼 헴 팬티 베이지 2세트(L100)','2020-11-10 18:40:06',NULL,1,1,NULL,1),('1093','Modal cashmere Men set M95 gray','Кашемир.нижнее белье Мужское M 95 серый',550,49500,10000,'Fashion\r','모달 캐시미어 내의세트(남/M95/그레이GRAY)','2020-08-17 19:07:10',NULL,0,1,NULL,1),('1094','Modal cashmere Men set L100 gray','Кашемир.нижнее белье Мужское L100 серый',560,49500,10000,'Fashion\r','모달 캐시미어 내의세트(남/L100/그레이GRAY)','2020-08-17 19:07:10',NULL,0,1,NULL,1),('1095','Modal cashmere Men set XL 105 gray','Кашемир.нижнее белье Мужское XL105 серый',565,49500,10000,'Fashion\r','모달 캐시미어 내의세트(남/XL105/그레이GRAY)','2020-08-17 19:07:10',NULL,0,1,NULL,1),('1099-1','100% natural cashmere muffler for men','Мужской 100% натуральный кашемировый шарф, черный',280,78000,13000,'Fashion\r','100% natural cashmere muffler for men',NULL,NULL,0,1,NULL,1),('1099-2','100% natural cashmere muffler for men','Мужской 100% натуральный кашемировый шарф, темно-синий',280,78000,13000,'Fashion\r','100% natural cashmere muffler for men',NULL,NULL,0,1,NULL,1),('11','Test 1','Test 1',NULL,NULL,NULL,NULL,'Test 1',NULL,NULL,0,1,NULL,1),('110005','Секреты успеха Атоми','Секреты успеха Атоми',200,0,0,'\r','Секреты успеха Атоми',NULL,NULL,0,1,NULL,1),('1119','남성 컴포트 캐주얼 셔츠(네이비 XL/105)','Рубашка темно-синяя L/101',480,26900,5000,'Fashion\r','남성 컴포트 캐주얼 셔츠(네이비 XL/105)','2020-08-17 19:07:10',NULL,0,1,NULL,1),('1120','남성 컴포트 캐주얼 셔츠(블루 M/95)','Рубашка синяя M/95',480,26900,5000,'Fashion\r','남성 컴포트 캐주얼 셔츠(블루 M/95)','2020-08-17 19:07:10',NULL,0,1,NULL,1),('1121','남성 컴포트 캐주얼 셔츠(블루 L/100)','Рубашка синяя L/100',480,26900,5000,'Fashion\r','남성 컴포트 캐주얼 셔츠(블루 L/100)','2020-08-17 19:07:10',NULL,0,1,NULL,1),('1122','남성 컴포트 캐주얼 셔츠(블루 XL/105)','Рубашка синяя XL/105',480,26900,5000,'Fashion\r','남성 컴포트 캐주얼 셔츠(블루 XL/105)','2020-08-17 19:07:10',NULL,0,1,NULL,1),('1125','밤뜨래 우리나라 맛밤 *3EA','Каштаны',200,5700,800,'FOOD\r','밤뜨래 우리나라 맛밤*3EA','2020-11-10 18:40:04',NULL,1,1,NULL,1),('1149','애터미 감자로만든순한라면*1box','Рамен картофельный',3100,28800,4000,'FOOD\r','애터미 감자로만든순한라면*1box','2020-11-10 18:40:04',NULL,1,1,NULL,1),('1200','Atomy Men 1set','мужской набор по уходу за кожей цена партнера',750,35000,9500,'косметика \r','애터미 맨*1set','2020-08-17 19:07:11',NULL,0,1,NULL,1),('1204','Atomy Men 4set','мужской набор по уходу за кожей 4шт ',3000,136000,38000,'косметика \r','애터미 맨*4set','2020-08-17 19:07:11',NULL,0,1,NULL,1),('121','Color Food Vitamin C','Витамин С  цветная еда',265,18400,6450,'Здоровье\r','애터미 컬러푸드 비타민C','2020-12-14 18:19:53',NULL,1,1,NULL,1),('1210','Men toner 140ml','тоник для мужчин цена партнера',260,11300,3500,'косметика \r','애터미 맨 토너*1ea','2020-08-17 19:07:11',NULL,0,1,NULL,1),('1214','Men toner 140ml * 4ea','тоник для мужчин 4шт ',1040,44000,14000,'косметика \r','애터미 맨 토너*4ea','2020-08-17 19:07:11',NULL,0,1,NULL,1),('1220','Men lotion 140ml','лосьон для мужчин цена партнера',260,11300,3500,'косметика \r','애터미 맨 로션*1ea','2020-08-17 19:07:11',NULL,0,1,NULL,1),('1224','Men lotion 140ml * 4ea','лосьон для мужчин 4шт ',1040,44000,14000,'косметика \r','애터미 맨 로션*4ea','2020-08-17 19:07:11',NULL,0,1,NULL,1),('1230','Men essence 45ml','эссенция для мужчин цена партнера',110,12400,2500,'косметика \r','애터미 맨 에센스*1ea','2020-08-17 19:07:11',NULL,0,1,NULL,1),('1234','Men essence 45ml * 4ea','эссенция для мужчин  4шт ',440,48000,10000,'косметика \r','애터미 맨 에센스*4ea','2020-08-17 19:07:11',NULL,0,1,NULL,1),('1235','애터미 옴므 에너자이징 올인원','Гель для кожи мужской все в одном',150,19800,10000,'косметика \r','애터미 옴므 에너자이징 올인원','2020-11-10 18:40:06',NULL,1,1,NULL,1),('130','애터미 키즈 구미 멀티비타민','Kids Gumi Мульти Витамин',360,22800,8500,'Здоровье\r','애터미 키즈 구미 멀티비타민','2020-11-10 18:40:06',NULL,1,1,NULL,1),('137','slim body shake Green tea','Слимбоди коктейль Зеленый чай ',1000,44000,18000,'Здоровье\r','애터미 슬림바디 쉐이크 그린티','2020-09-28 11:08:26',NULL,0,1,NULL,1),('138','slim body shake Grain','Слимбоди коктейль зерно',1000,44000,18000,'Здоровье\r','애터미 슬림바디 쉐이크 그레인','2020-09-28 11:08:26',NULL,0,1,NULL,1),('1395','애터미 골드 콜라겐 앰플 쿠션 01 핑크 아이보리 (8개입)','Набор Кушен 01 Розовый',580,99000,50000,'косметика \r','애터미 골드 콜라겐 앰플 쿠션 01 핑크 아이보리 (8개입)','2020-08-17 19:07:10',NULL,0,1,NULL,1),('1396','애터미 골드 콜라겐 앰플 쿠션 02 아이보리 (8개입)','Набор Кушен 02 Слоновая кость',580,99000,50000,'косметика \r','애터미 골드 콜라겐 앰플 쿠션 02 아이보리 (8개입)','2020-08-17 19:07:10',NULL,0,1,NULL,1),('1397','애터미 골드 콜라겐 앰플 쿠션 03 베이지 (8개입)','Набор Кушен 03 Бежевый',580,99000,50000,'косметика \r','애터미 골드 콜라겐 앰플 쿠션 03 베이지 (8개입)','2020-08-17 19:07:10',NULL,0,1,NULL,1),('1401','A.A Cream Foundation #13','АА тональный крем-пудра №13',80,15300,5000,'косметика \r','애터미 A.A 크림 파운데이션 13호(라이트베이지)','2020-11-10 18:40:04',NULL,1,1,NULL,1),('1402','A.A Cream Foundation #21','АА тональный крем-пудра №21',80,15300,5000,'косметика \r','애터미 A.A 크림 파운데이션 21호(웜베이지)','2020-11-10 18:40:04',NULL,1,1,NULL,1),('1403','A.A Cream Foundation #23','АА тональный крем-пудра №23',80,15300,5000,'косметика \r','애터미 A.A 크림 파운데이션 23호(쿨베이지)','2020-11-10 18:40:04',NULL,1,1,NULL,1),('1404','Cushion foundation #21','кушен №21',120,26800,13000,'косметика \r','애터미 쿠션 파운데이션 21 아이보리','2020-08-17 19:07:11',NULL,0,1,NULL,1),('1405','Cushion foundation #23','кушен №23',120,26800,13000,'косметика \r','애터미 쿠션 파운데이션 23 바닐라','2020-08-17 19:07:11',NULL,0,1,NULL,1),('1411','Eyebrow Cara light brown','туь для бровей',20,7800,2800,'косметика \r','아이브로우카라(눈썹, 새치머리 용) 라이트브라운','2020-11-10 18:40:04',NULL,1,1,NULL,1),('1412','Eyebrow Cara dark brown','тушь для бровей',20,7800,2800,'косметика \r','아이브로우카라(눈썹, 새치머리 용) 다크브라운','2020-11-10 18:40:04',NULL,1,1,NULL,1),('1413','Eyebrow Cara dark grey','тушь для бровей',20,7800,2800,'косметика \r','아이브로우카라(눈썹, 새치머리 용) 다크그레이','2020-11-10 18:40:04',NULL,1,1,NULL,1),('1415','애터미 아이브로우 펜슬 01 밀크브라운','Карандаш для бровей 01 светло-коричневый',10,6800,2400,'косметика \r','애터미 아이브로우 펜슬 01 밀크브라운','2020-11-10 18:40:06',NULL,1,1,NULL,1),('1416','애터미 아이브로우 펜슬 02 다크브라운','Карандаш для бровей 02 темно-коричневый',10,6800,2400,'косметика \r','애터미 아이브로우 펜슬 02 다크브라운','2020-11-10 18:40:06',NULL,1,1,NULL,1),('1417','애터미 아이브로우 펜슬 03 다크그레이','Карандаш для бровей 03 темно-серый',10,6800,2400,'косметика \r','애터미 아이브로우 펜슬 03 다크그레이','2020-11-10 18:40:06',NULL,1,1,NULL,1),('1420','Volume Mascara','тушь для ресниц для объема',40,11800,4300,'косметика \r','애터미 볼륨 마스카라','2020-11-10 18:40:05',NULL,1,1,NULL,1),('1422','Atomy Lash power  Mascara','тушь для ресниц удлиняющая',40,11800,4300,'косметика \r','애터미 래쉬파워 마스카라','2020-11-10 18:40:05',NULL,1,1,NULL,1),('1430','Pink brown Eyeshadow kit','палетка теней',60,19800,7300,'косметика \r','애터미 핑크 브라운 아이섀도  키트','2020-11-10 18:40:06',NULL,1,1,NULL,1),('1431','Bronze&Glow contour kit','контур для лица',60,16800,6200,'косметика \r','애터미 윤곽 키트','2020-11-10 18:40:06',NULL,1,1,NULL,1),('1432','Blusher duo kit','румяна',60,16800,6200,'косметика \r','애터미 블러셔 듀오 키트','2020-11-10 18:40:05',NULL,1,1,NULL,1),('1440','애터미 붓펜 아이라이너 01','Карандаш  для глаз 01 черный',10,8800,3000,'косметика \r','애터미 붓펜 아이라이너 01 블랙','2020-11-10 18:40:05',NULL,1,1,NULL,1),('1441','애터미 붓펜 아이라이너 02 다크브라운','Карандаш для глаз 02 темно-коричневый',10,8800,3000,'косметика \r','애터미 붓펜 아이라이너 02 다크브라운','2020-11-10 18:40:05',NULL,1,1,NULL,1),('1442','애터미 붓펜 아이라이너 03 브라운','Карандаш для глаз 03 коричневый',10,8800,3000,'косметика \r','애터미 붓펜 아이라이너 03 브라운','2020-11-10 18:40:05',NULL,1,1,NULL,1),('146','애터미 슬림바디 쉐이크 카카오','коктейль слим бади, вкус какао',1000,44000,18000,'FOOD\r','애터미 슬림바디 쉐이크 카카오','2021-01-06 17:30:53',NULL,0,1,NULL,1),('147','애터미 슬림바디 쉐이크 카페오레','коктейль слим бади, вкус кофе',1000,44000,18000,'FOOD\r','애터미 슬림바디 쉐이크 카페오레',NULL,NULL,0,1,NULL,1),('1497','애터미 골드 콜라겐 앰플 쿠션 퍼프','Подушка кушена коллагена золота',10,2000,460,'косметика \r','애터미 골드 콜라겐 앰플 쿠션 퍼프','2020-11-10 18:40:05',NULL,1,1,NULL,1),('1499','애터미 쿠션 퍼프','Подушка кушена',10,2000,460,'косметика \r','애터미 쿠션 퍼프','2020-09-28 11:08:26',NULL,0,1,NULL,1),('150','Chewable Calcium','жевательный кальций',350,21000,7500,'Здоровье\r','애터미 츄어블칼슘','2020-12-14 18:19:52',NULL,1,1,NULL,1),('1500','Acropass Line Lifter','Патч лифтинг 15 шт',450,148000,70000,'косметика \r','애터미 아크로패스 라인리프터','2020-11-10 18:40:06',NULL,1,1,NULL,1),('1500-1','Acropass Line Lifter','Патч лифтинг 1шт',20,10000,0,'косметика \r','Acropass Line Lifter',NULL,NULL,0,1,NULL,1),('1501','애터미 아크로패스 트러블패치','Акропатч 24 пробл кожа',100,32900,11000,'косметика \r','애터미 아크로패스 트러블패치','2020-11-10 18:40:06',NULL,1,1,NULL,1),('1502','애터미 아크로패스 모스패치','Акропатч 24 (18+6) ',100,29800,10000,'косметика \r','애터미 아크로패스 모스패치','2020-11-10 18:40:06',NULL,1,1,NULL,1),('164','Probiotics 10+','пробиотики',500,52000,20000,'Здоровье\r','애터미 친생유산균 4box(1set)','2020-11-10 18:40:06',NULL,1,1,NULL,1),('165','블루베리즙','черничный джим',2700,42000,8000,'FOOD\r','애터미 블루베리즙','2020-11-10 18:40:05',NULL,1,1,NULL,1),('166','애터미 오롯이 담은 발효 노니','Ферментированный Нони',860,49800,30000,'FOOD\r','애터미 오롯이 담은 발효 노니','2020-11-20 19:50:44',NULL,0,1,NULL,1),('167','애터미 오롯이 담은 유기농 양배추즙','Капустный сок. \norganic cabbage juice',3560,48000,14000,'FOOD\r','애터미 오롯이 담은 유기농 양배추즙','2020-09-28 11:08:26',NULL,0,1,NULL,1),('168','애터미 오롯이 담은 유기농 적양파즙','Сок красного лука',4000,40000,12000,'FOOD\r','애터미 오롯이 담은 유기농 적양파즙','2021-01-06 17:30:53',NULL,0,1,NULL,1),('1701','Atomy Tongzam Pillow M09','Ортопедическая подушка М размер с коробкой',2430,65000,26000,'Fashion\r','애터미 통잠베개 M (커버 포함)','2020-11-10 18:40:06',NULL,1,1,NULL,1),('1701-1','Atomy Tongzam Pillow M09','Ортопедическая подушка М размер без коробки',1630,65000,26000,'Fashion\r','Atomy Tongzam Pillow M09',NULL,NULL,0,1,NULL,1),('1702','Atomy Tongzam Pillow M10','Ортопедическая подушка L размер с коробкой',2880,65000,26000,'Fashion\r','애터미 통잠베개 L (커버 포함)','2020-11-10 18:40:06',NULL,1,1,NULL,1),('1702-1','Atomy Tongzam Pillow M11','Ортопедическая подушка L размер без коробки',1800,65000,26000,'Fashion\r','Atomy Tongzam Pillow M11',NULL,NULL,0,1,NULL,1),('1703','애터미 통잠베개 겉커버 M (화이트)','Наволочка М белая',120,16000,6400,'Fashion\r','애터미 통잠베개 겉커버 M (화이트)','2020-11-10 18:40:06',NULL,1,1,NULL,1),('1704','애터미 통잠베개 겉커버 L (화이트)','Наволочка L белая',120,16000,6400,'Fashion\r','애터미 통잠베개 겉커버 L (화이트)','2020-11-10 18:40:06',NULL,1,1,NULL,1),('1705','애터미 통잠베개 겉커버 M (그레이)','Наволочка М серая',120,16000,6400,'Fashion\r','애터미 통잠베개 겉커버 M (그레이)','2020-11-10 18:40:06',NULL,1,1,NULL,1),('1706','애터미 통잠베개 겉커버 L (그레이)','Наволочка L серая',120,16000,6400,'Fashion\r','애터미 통잠베개 겉커버 L (그레이)','2020-11-10 18:40:06',NULL,1,1,NULL,1),('1707','애터미 통잠베개 S (커버포함)','Ортопедическая подушка S размер',1800,62000,26000,'Fashion\r','애터미 통잠베개 S (커버포함)','2020-11-10 18:40:06',NULL,1,1,NULL,1),('1708','애터미 통잠베개 겉커버 S (화이트)','Наволочка S белая',110,16000,6400,'Fashion\r','애터미 통잠베개 겉커버 S (화이트)','2020-11-10 18:40:06',NULL,1,1,NULL,1),('1709','애터미 통잠베개 겉커버 S (그레이)','Наволочка S серая',110,16000,6400,'Fashion\r','애터미 통잠베개 겉커버 S (그레이)','2020-11-10 18:40:06',NULL,1,1,NULL,1),('171','Sawpalmetto','со пальметто для мужского здровья',120,32000,11000,'Здоровье\r','애터미 오-쏘팔메토','2020-11-10 18:40:06',NULL,1,1,NULL,1),('172','Sophora Queen','королевская софора  для женского здоровья',230,29700,10000,'Здоровье\r','애터미 소포라퀸','2020-11-10 18:40:05',NULL,1,1,NULL,1),('1721','Dobranoc Q blancket','Одеяло Q ',2000,528000,130000,'Fashion\r','애터미 도브라노츠 거위털 이불 (Q)','2020-08-17 19:07:11',NULL,0,1,NULL,1),('1726','도브라노츠 거위털 이불커버 싱글','постельный набор (подояльник+наволочки) размер  Q',1200,110000,16000,'Fashion\r','애터미 도브라노츠 거위털 이불커버 퀸','2020-08-17 19:07:11',NULL,0,1,NULL,1),('1727','도브라노츠 거위털 이불커버 싱글','постельный набор (подояльник+наволочки) размер  S',900,88000,12500,'Fashion\r','애터미 도브라노츠 거위털 이불커버 싱글','2020-08-17 19:07:11',NULL,0,1,NULL,1),('173','Eye Lutein','Лютеин для глаз',120,27000,9500,'Здоровье\r','애터미 아이루테인','2020-11-10 18:40:06',NULL,1,1,NULL,1),('1730','SUPIMA TOWEL SET  애터미 수피마 타월 세트\n상품정보 프린트\n','Полотенце набор 3 шт',520,14800,2500,'Fashion\r','애터미 수피마 타월 세트','2020-12-14 18:19:52',NULL,0,1,NULL,1),('174','Rhodiola Milk Thistle','радиола для печени',120,31000,11000,'Здоровье\r','애터미 홍경천 밀크씨슬','2020-11-10 18:40:06',NULL,1,1,NULL,1),('1740','퍼퓸드 디퓨저 3종 세트','набор диффузер',1500,39600,10000,'Fashion\r','애터미 퍼퓸드 디퓨저 3종 세트','2020-08-17 19:07:11',NULL,0,1,NULL,1),('1741','애터미 퍼퓸드 디퓨저 리필 100ml(샤이니 아일랜드)','рефил  диффзер  shiny island',160,8000,2000,'Fashion\r','애터미 퍼퓸드 디퓨저 리필 100ml(샤이니 아일랜드)','2020-08-17 19:07:11',NULL,0,1,NULL,1),('1742','애터미 퍼퓸드 디퓨저 리필 100ml(텐더 러브)','рефил  диффзер  tender love',160,8000,2000,'Fashion\r','애터미 퍼퓸드 디퓨저 리필 100ml(텐더 러브)','2020-08-17 19:07:11',NULL,0,1,NULL,1),('1743','애터미 퍼퓸드 디퓨저 리필 100ml(라즈베리 가든)','рефил  диффзер  raspberry garden',160,8000,2000,'Fashion\r','애터미 퍼퓸드 디퓨저 리필 100ml(라즈베리 가든)','2020-08-17 19:07:11',NULL,0,1,NULL,1),('1744','애터미 헤이 독 헤이독 소고기','Еда для собаки говядина',1600,19800,5000,'ДЛя дома\r','애터미 헤이 독 소고기','2020-11-10 18:40:06',NULL,1,1,NULL,1),('1746','애터미 헤이 독 연어','Еда для собаки лосось',1600,19800,5000,'ДЛя дома\r','애터미 헤이 독 연어','2020-11-10 18:40:06',NULL,1,1,NULL,1),('1750','애터미 퍼퓸드 디퓨저','Диффузер Атоми Прованс Лаванда',700,24800,7000,'Fashion\r','애터미 퍼퓸드 디퓨저 프로방스 라벤더','2021-01-06 17:30:53',NULL,1,1,NULL,1),('1751','애터미 퍼퓸드 디퓨저 제주 그린티 시트러스','Диффузер Атоми Зеленый чай Цитрус',700,24800,7000,'Fashion\r','애터미 퍼퓸드 디퓨저 제주 그린티 시트러스','2020-11-10 18:40:06',NULL,1,1,NULL,1),('1752','애터미 퍼퓸드 디퓨저 에덴 체리 블러썸','Диффузер Atomy Eden Cherry Blossom',700,24800,7000,'Fashion\r','애터미 퍼퓸드 디퓨저 에덴 체리 블러썸','2020-11-10 18:40:06',NULL,1,1,NULL,1),('1753','애터미 퍼퓸드 디퓨저 텐더 러브','Диффузер Atomy Нежная любовь',700,24800,7000,'Fashion\r','애터미 퍼퓸드 디퓨저 텐더 러브','2020-11-10 18:40:06',NULL,1,1,NULL,1),('1754','애터미 퍼퓸드 디퓨저 라즈베리 가든','Диффузер Атоми Малиновый сад',700,24800,7000,'Fashion\r','애터미 퍼퓸드 디퓨저 라즈베리 가든','2020-11-10 18:40:06',NULL,1,1,NULL,1),('177','Green Propolis spray','прополис спрей для горла',182,19800,6500,'Здоровье\r','애터미 그린 프로폴리스 스프레이','2021-01-06 17:30:53',NULL,0,1,NULL,1),('178','Pure Spirulina','спирулина',120,19800,7000,'Здоровье\r','애터미 퓨어 스피루리나 100%','2020-11-20 19:50:44',NULL,1,1,NULL,1),('180','slim body puer Tea','Слимбоди пуэр чай',100,25000,10000,'Здоровье\r','애터미 슬림바디 보이차','2020-11-10 18:40:05',NULL,1,1,NULL,1),('1801','Eco Bag (small)','эко-пакеты маленький размер',110,1480,220,'ДЛя дома\r','애터미 에코 위생백(소)','2020-11-10 18:40:06',NULL,1,1,NULL,1),('1802','Eco Bag (middle)','эко-пакеты средний размер',210,2300,350,'ДЛя дома\r','애터미 에코 위생백(중)','2020-11-10 18:40:06',NULL,1,1,NULL,1),('1803','Eco Bag (large)','эко-пакеты большой размер',300,2950,600,'ДЛя дома\r','애터미 에코 위생백(대)','2020-11-10 18:40:06',NULL,1,1,NULL,1),('1804','Eco Zipperbag (large)','эко зип пакеты ( большой размер)',240,1950,400,'ДЛя дома\r','애터미 에코 지퍼백 (대)','2020-11-10 18:40:06',NULL,1,1,NULL,1),('1805','Eco glove','эко перчатки',240,2950,600,'ДЛя дома\r','애터미 에코 위생장갑','2020-11-10 18:40:06',NULL,1,1,NULL,1),('1806','Eco Zipperbag (small)','эко зип пакеты ( маленький размер)',140,1750,350,'ДЛя дома\r','애터미 에코 지퍼백 (소)','2020-11-10 18:40:06',NULL,1,1,NULL,1),('1807','Eco Cutting Wrap 30 см','эко упаковочная пленка 30 см',300,8400,2000,'ДЛя дома\r','애터미 에코 커팅랩 30cm','2020-11-10 18:40:06',NULL,1,1,NULL,1),('1808','애터미 사랑나눔 종이컵 180ml','Бумажный стаканчик 180 мл',4000,12800,500,'\r','애터미 사랑나눔 종이컵 180ml','2020-11-10 18:40:05',NULL,1,1,NULL,1),('181','Color Food Multivitamin','Мультивитамины цветная еда',260,35000,12500,'Здоровье\r','애터미 컬러푸드 멀티비타민 (리뉴얼)','2020-11-10 18:40:06',NULL,1,1,NULL,1),('1810','Eco Cutting Wrap 20 см','эко упаковочная пленка 20 см',220,6800,1600,'ДЛя дома\r','애터미 에코 커팅랩 20cm','2020-11-10 18:40:06',NULL,1,1,NULL,1),('1811','Tritan Tumbler','тумблер',240,6600,1500,'ДЛя дома\r','애터미 트라이탄 텀블러','2020-11-10 18:40:06',NULL,1,1,NULL,1),('1812','Thermal Tumbler','термос',500,15800,3500,'ДЛя дома\r','애터미 써멀 텀블러','2020-11-10 18:40:06',NULL,1,1,NULL,1),('182','Ginkgo  and Natto ','Гинго и Натто',120,24800,9000,'Здоровье\r','애터미 징코앤낫토','2021-01-06 17:30:53',NULL,0,1,NULL,1),('1820','IH Titanium frypan  24cm','сковородка с титановым покрытием 24\"',1300,33000,7000,'Fashion\r','애터미 IH 티타늄 프라이팬 24cm','2020-08-17 19:07:10',NULL,0,1,NULL,1),('1821','IH Titanium frypan  28cm','сковородка с титановым покрытием 28\"',1400,39600,8000,'Fashion\r','애터미 IH 티타늄  프라이팬 28cm','2020-08-17 19:07:10',NULL,0,1,NULL,1),('1822','IH Titanium frypan 28cm','сковородка с титановым покрытием 28\" глубокая',1550,44000,9000,'Fashion\r','애터미 IH 티타늄 궁중팬 28cm','2020-08-17 19:07:10',NULL,0,1,NULL,1),('183','Pomegranate beauty','желе-бар гранат',1150,66000,25000,'Здоровье\r','애터미 석류미인','2020-11-10 18:40:05',NULL,1,1,NULL,1),('184','키즈 츄어블 오메가3','детский омега3',150,21000,7500,'Здоровье\r','애터미 키즈 츄어블 오메가3','2020-12-14 18:19:53',NULL,1,1,NULL,1),('1840','애터미 카이 미노칼 주방용','Нож кухонный с острым концом',260,77000,20000,'ДЛя дома\r','애터미 카이 미노칼 주방용','2020-09-23 15:26:56',NULL,0,1,NULL,1),('1841','애터미 카이 미노칼 야채용','Нож овощьной с тупым концом',280,77000,20000,'ДЛя дома\r','애터미 카이 미노칼 야채용','2020-12-14 18:19:52',NULL,0,1,NULL,1),('185','애터미 터마신 MSM\nAtomy Turmacin VSV','Турмасин',150,39800,16000,'Здоровье\r','애터미 터마신 MSM','2021-01-06 17:30:53',NULL,1,1,NULL,1),('186','Finezyme','файнзам ',100,14200,5500,'Здоровье\r','애터미 파인(Fine)자임','2020-11-10 18:40:06',NULL,1,1,NULL,1),('187','애터미 홍삼진갱','Женьшень эфирный',350,34800,15000,'Здоровье\r','애터미 홍삼진갱','2020-11-20 19:50:44',NULL,1,1,NULL,1),('188','애터미 레몬 유래 엽산','Фолиевая кислота',60,14800,6000,'Здоровье\r','애터미 레몬 유래 엽산','2020-11-10 18:40:05',NULL,1,1,NULL,1),('190','Toner 150ml','Тоник  150мл ',260,18600,9000,'косметика \r','애터미 더페임 토너 *1ea','2020-11-10 18:40:05',NULL,1,1,NULL,1),('1905','히즈빈스 콜드브루 40ml*12','Специальное кофе GOLD BREW',500,18000,2000,'FOOD\r','게이샤 콜드브루 40ml*12','2020-11-10 18:40:03',NULL,1,1,NULL,1),('1909','Terrell Ceylon Dreams 18 Singles + Shopping Bag','Чай цейлонский 18 пак + сумка',170,23800,3000,'FOOD\r','떼레발 실론 드림즈 18 싱글즈+쇼핑백 (단종)','2020-08-17 19:07:10',NULL,0,1,NULL,1),('1911','애터미 라이스 칩 Atteris Chips','Чипсы рисовые обычные',80,1700,200,'FOOD\r','애터미 라이스칩(플레인)1EA','2020-11-10 18:40:05',NULL,1,1,NULL,1),('1912','애터미 라이스칩(box 플레인/어니언 中 택1) 24 еа','Чипсы рисовые обычные коробка 24 шт',2000,38400,6000,'FOOD\r','애터미 라이스칩(플레인)*1Box(24ea)','2020-11-10 18:40:05',NULL,1,1,NULL,1),('1913','애터미 라이스칩(어니언) 1EA','Чипсы рисовые с чесноком',80,1700,200,'FOOD\r','애터미 라이스칩(어니언) 1EA','2020-11-10 18:40:05',NULL,1,1,NULL,1),('1914','애터미 라이스칩(어니언)*1Box(24ea)','Чипсы рисовые с (лук) корбка 24 шт',2000,38400,6000,'FOOD\r','애터미 라이스칩(어니언)*1Box(24ea)','2020-11-10 18:40:05',NULL,1,1,NULL,1),('1915','애터미 임실 치즈세트','Набор сыров',750,25800,2500,'FOOD\r','애터미 임실 치즈세트','2020-08-17 19:07:11',NULL,0,1,NULL,1),('1919','애터미 원액 그대로 콤부차','Концентрированная Комбуче',2000,22000,4000,'FOOD\r','애터미 원액 그대로 콤부차','2020-12-14 18:19:52',NULL,1,1,NULL,1),('192','Eye Cream 40ml','крем для глаз 40мл',120,18600,9000,'косметика \r','애터미 더페임 아이크림 *1ea','2020-11-10 18:40:05',NULL,1,1,NULL,1),('1920','케냐 탑 콜드브루','Кенийское кофе холодное',600,18000,2000,'FOOD\r','케냐 탑 콜드브루','2020-11-10 18:40:06',NULL,1,1,NULL,1),('194','Essence 50ml','эссенция цена партнера',120,19600,9600,'косметика \r','애터미 더페임 에센스 *1ea','2020-11-10 18:40:05',NULL,1,1,NULL,1),('196','Lotion 135ml','лосьон цена партнера',260,18600,9000,'косметика \r','애터미 더페임 로션 *1ea','2020-11-10 18:40:05',NULL,1,1,NULL,1),('198','Nutrition Cream 50ml','питательный крем цена партнера',160,18600,9000,'косметика \r','애터미 더페임 영양크림 *1ea','2020-11-10 18:40:05',NULL,1,1,NULL,1),('2','HemoHIM 4set','Хемохим 4шт',7680,306000,153000,'Здоровье\r','애터미 헤모힘 4set','2020-11-10 18:40:06',NULL,1,1,NULL,1),('207','Absolute skincare set','Абсолют премиум люкс набор по уходу за кожей',1380,198000,100000,'косметика \r','애터미 앱솔루트 셀랙티브 스킨케어','2020-11-10 18:40:06',NULL,1,1,NULL,1),('217','Absolute cellActive Toner','Абсолют премиум люкс  ТОнер',295,33000,16000,'косметика \r','애터미 앱솔루트 셀랙티브 토너','2020-11-10 18:40:06',NULL,1,1,NULL,1),('2201','Hair dryer','фен для волос',760,69000,14000,'ДЛя дома\r','애터미 헤어 드라이어','2020-11-10 18:40:06',NULL,1,1,NULL,1),('2202','IH 헤어 스타일러','IH styler  ',2350,176000,44000,'Fashion\r','애터미 IH 헤어 스타일러','2020-11-10 18:40:04',NULL,1,1,NULL,1),('2203','IH 헤어롤 리필(30mm)','бигуди  30мм  IH styler дополнительно',180,18000,5000,'Fashion\r','애터미 IH 헤어롤 리필(20mm)','2020-11-10 18:40:04',NULL,1,1,NULL,1),('2205','IH 헤어롤 리필(50mm)','бигуди 50мм к  IH styler дополнительно',260,20000,6000,'Fashion\r','애터미 IH 헤어롤 리필(40mm)','2020-11-10 18:40:04',NULL,1,1,NULL,1),('2207','IH 헤어집게 리필','клипы к  IH styler дополнительно',240,3200,500,'Fashion\r','애터미 IH 헤어집게 리필(20/30mm 전용)','2020-11-10 18:40:04',NULL,1,1,NULL,1),('227','Absolute cellActive Ampoule','Абсолют премиум люкс ампула',190,39600,20000,'косметика \r','애터미 앱솔루트 셀랙티브 앰플','2020-11-10 18:40:06',NULL,1,1,NULL,1),('237','Absolute cellActive Serum','Абсолют премиум люкс  сыворотка',135,36300,18000,'косметика \r','애터미 앱솔루트 셀랙티브 세럼','2020-11-10 18:40:06',NULL,1,1,NULL,1),('238','Absolute Spot-out essence','Абсолют  спот-аут эссенция',135,36900,18000,'косметика \r','애터미 앱솔루트 스팟 아웃 에센스','2020-11-10 18:40:06',NULL,1,1,NULL,1),('2404','small paper bag','бумажный пакет',80,300,0,'\r','쇼핑백(소)new*1ea','2020-11-10 18:40:04',NULL,1,1,NULL,1),('2430','Hydroaircell Puff','пуфф',5,1900,430,'косметика \r','애터미 하이드로에어셀 퍼프','2020-11-10 18:40:06',NULL,1,1,NULL,1),('2431','plastic bag','пакет голубой',100,500,0,'\r','비닐쇼핑백*1ea','2020-08-17 19:07:10',NULL,0,1,NULL,1),('2432','애터미 부직포 쇼핑백 1ea','Сумка голубая нетканная 1 шт',35,500,0,'\r','애터미 부직포 쇼핑백*1ea','2020-11-10 18:40:05',NULL,1,1,NULL,1),('2433','애터미 부직포 쇼핑백 100 ea','Сумка голубая нетканная 100 шт',3500,50000,0,'\r','애터미 부직포 쇼핑백*100ea','2020-11-10 18:40:05',NULL,1,1,NULL,1),('2434','애터미 캔버스백','Сумка белая холщёвая',300,4500,0,'\r','애터미 캔버스백','2020-11-10 18:40:06',NULL,1,1,NULL,1),('2438','plastic bag 10ea','пакет голубой 10 шт',1000,5000,0,'\r','비닐쇼핑백*10ea','2020-08-17 19:07:10',NULL,0,1,NULL,1),('2442','애터미 쇼핑백 (화이트)*1ea','Сумка белая для покупок 1 шт 348х255х83',76,300,0,'\r','애터미 쇼핑백 (화이트)*1ea','2020-11-10 18:40:05',NULL,1,1,NULL,1),('2443','애터미 쇼핑백 (화이트)*100ea','Сумка белая для покупок 100 шт 348х255х83',7600,30000,0,'\r','애터미 쇼핑백 (화이트)*100ea','2020-11-10 18:40:05',NULL,1,1,NULL,1),('2444','더페임 쇼핑백 *1ea','Сумка белая для покупок 1 шт 275х240х80',76,300,0,'\r','더페임 쇼핑백 *1ea','2020-11-10 18:40:03',NULL,1,1,NULL,1),('2445','더페임 쇼핑백 *100ea','Сумка белая для покупок 100 шт 275х240х80',7600,30000,0,'\r','더페임 쇼핑백 *100ea','2020-11-10 18:40:03',NULL,1,1,NULL,1),('2447','선물용 쇼핑백(대)*10ea','Подарочный пакет 10 шт',350,6800,0,'\r','선물용 쇼핑백(대)*10ea','2020-09-23 15:26:56',NULL,0,1,NULL,1),('2450','애터미 종합 카탈로그*5ea','Каталог Атоми 2019 верс. 2.0 5 шт',2800,10000,0,'\r','애터미 종합 카탈로그*5ea','2020-12-14 18:19:52',NULL,0,1,NULL,1),('2451','애터미 종합 카탈로그*1ea','Каталог Атоми 2019 верс. 2.0 1 шт',560,2000,0,'\r','애터미 종합 카탈로그*1ea','2020-12-14 18:19:52',NULL,0,1,NULL,1),('2452','mini catalog 5ea','мини каталог на корейском',1000,2000,0,'\r','애터미 미니 카탈로그*5ea','2020-11-10 18:40:05',NULL,1,1,NULL,1),('2458','더 애터미언즈','Журнал Атомиане',500,5000,0,'\r','2019 애터미언즈','2020-08-17 19:07:09',NULL,0,1,NULL,1),('2463','2020 애터미 비즈니스 다이어리','Ежедневник Атоми 2020',282,15000,0,'\r','2020 애터미 비즈니스 다이어리','2020-12-14 18:19:52',NULL,0,1,NULL,1),('2464','2020 애터미 캘린더','Календарь Атоми 2020',190,1000,0,'\r','2021 애터미 캘린더','2020-12-14 18:19:52',NULL,0,1,NULL,1),('247','Absolute cellActive Lotion','Абсолют премиум люкс  лосьон',275,33000,16000,'косметика \r','애터미 앱솔루트 셀랙티브 로션','2020-11-10 18:40:06',NULL,1,1,NULL,1),('248','Absolute Spot-out Cream','Абсолют  спот-аут крем',160,30800,15000,'косметика \r','애터미 앱솔루트 스팟 아웃 크림','2020-11-10 18:40:06',NULL,1,1,NULL,1),('257','Absolute cellActive eyecream','Абсолют премиум люкс  крем для глаз',115,36300,18000,'косметика \r','애터미 앱솔루트 셀랙티브 아이컴플렉스','2020-11-10 18:40:06',NULL,1,1,NULL,1),('260','BB Cream 40ml','бб крем цена партнера',80,8000,2500,'косметика \r','애터미 비비크림*1ea','2020-11-10 18:40:05',NULL,1,1,NULL,1),('2618','Price Atomy proвгсе guide ver. 4.0 1set(25ea)','Проспект верс. 4.0 - 1 упак.(25шт)',500,1000,0,'\r','애터미 제품 리플렛 * 1set (25ea)','2020-11-10 18:40:06',NULL,1,1,NULL,1),('2619','Price Atomy proвгсе guide ver. 4.0 (1ea)','Проспект верс. 4.0 (1шт)',20,40,0,'\r','애터미 제품 리플렛 * 1ea','2020-11-10 18:40:06',NULL,1,1,NULL,1),('264','BB Cream 40ml 4ea','бб крем 4шт ',320,30600,10000,'косметика \r','애터미 비비크림*4ea','2020-11-10 18:40:05',NULL,1,1,NULL,1),('266','Healthy Glow base 33ml','база под макияж здоровое сияние',100,12300,4200,'косметика \r','애터미 헬시글로우 베이스','2020-11-10 18:40:06',NULL,1,1,NULL,1),('267','Absolute cellActive cream','Абсолют премиум люкс  крем',140,33000,16000,'косметика \r','애터미 앱솔루트 셀랙티브 영양크림','2020-11-10 18:40:06',NULL,1,1,NULL,1),('270','Sunscreen SPF50+ white 60ml','солнцезащитный крем белый  цена партнера',100,8000,2500,'косметика \r','선크림(화이트)*1ea','2020-11-10 18:40:04',NULL,1,1,NULL,1),('274','Sunscreen SPF50+ white 60ml','солнцезащитный крем белый 4шт ',400,30600,10000,'косметика \r','선크림(화이트)*4ea','2020-11-10 18:40:04',NULL,1,1,NULL,1),('276','Absolute SUN essence','Абсолют солнцезащитная эссенция',80,10800,3800,'косметика \r','애터미 앱솔루트 에센스 선','2020-11-10 18:40:06',NULL,1,1,NULL,1),('280','Sunscreen SPF50+ beige 60ml','солнцезащитный крем бежевый  цена партнера',100,8000,2500,'косметика \r','선크림(베이지)*1ea','2020-11-10 18:40:04',NULL,1,1,NULL,1),('284','Sunscreen SPF50+ beige 60ml * 4ea','солнцезащитный крем бежевый 4 шт',400,30600,10000,'косметика \r','선크림(베이지)*4ea','2020-11-10 18:40:04',NULL,1,1,NULL,1),('286','UV PROTECTION sun stick spf 50+','солнцезащитный крем SPF 50+',100,9800,3500,'косметика \r','애터미 선스틱','2020-11-10 18:40:05',NULL,1,1,NULL,1),('288','애터미 앱솔루트 BB 13\nAtomy Absolute BB №13','Атоми Абсолют ВВ крем №13',70,14800,6000,'косметика \r','앱솔루트 비비 13호','2020-11-10 18:40:06',NULL,1,1,NULL,1),('289','애터미 앱솔루트 BB 21\nAtomy Absolute BB №21','Атоми Абсолют ВВ крем №21',70,14800,6000,'косметика \r','앱솔루트 비비 21호','2020-11-10 18:40:06',NULL,1,1,NULL,1),('290','애터미 앱솔루트 BB 23\nAtomy Absolute BB №23','Атоми Абсолют ВВ крем №23',70,14800,6000,'косметика \r','앱솔루트 비비 23호','2020-11-10 18:40:06',NULL,1,1,NULL,1),('295','Roserain mist 130ml','мист Rose rain',200,10000,3250,'косметика \r','애터미 로즈레인 미스트*1ea','2020-11-10 18:40:05',NULL,1,1,NULL,1),('3','애터미 스킨케어 시스템 더페임 * 1 set','Уход за кожей Набор Femme * 1 Рас 5этап',1050,88000,44000,'косметика \r','애터미 스킨케어 시스템 더페임 * 1 set','2020-11-10 18:40:05',NULL,1,1,NULL,1),('300','form cleanser 150ml','пенка для умывания цена партнера',200,8000,2500,'косметика \r','애터미 폼클렌저*1ea','2020-11-10 18:40:06',NULL,1,1,NULL,1),('3000','black 245 구두 DS7201','black 245  обувь DS7201',1300,142000,35000,'обувь\r','남성 노블 구두 DS7201(블랙/245)','2020-08-17 19:07:10',NULL,0,1,NULL,1),('3016','brown 280 구두 DS7201','brown 280  обувь DS7201',1400,142000,35000,'обувь\r','남성 노블 구두 DS7201(브라운/280)','2020-11-20 19:50:43',NULL,1,1,NULL,1),('3018','black 245  DS7209','black 245  DS7209',1300,142000,35000,'обувь\r','남성 노블 구두 DS7209(블랙/245)','2020-08-17 19:07:10',NULL,0,1,NULL,1),('3034','brown 280  DS7209','brown 280  DS7209',1400,142000,35000,'обувь\r','남성 노블 구두 DS7209(브라운/280)','2020-11-20 19:50:43',NULL,1,1,NULL,1),('3035','brown 285  DS7209','brown 285  DS7209',1400,142000,35000,'обувь\r','남성 노블 구두 DS7209(브라운/285)','2020-08-17 19:07:10',NULL,0,1,NULL,1),('3036',' DS7202  black 245 ',' DS7202  black 245 ',1300,148000,37000,'обувь\r','남성 노블 구두 DS7202(블랙/245)','2020-08-17 19:07:10',NULL,0,1,NULL,1),('304','form cleanser 150ml * 4ea','пенка для умывания 4шт ',800,30600,10000,'косметика \r','애터미 폼클렌저*4ea','2020-11-10 18:40:06',NULL,1,1,NULL,1),('3054',' DS7205  black 245 ',' DS7205  black 245 ',1300,148000,37000,'обувь\r','남성 노블 구두 DS7205(블랙/245)','2020-08-17 19:07:10',NULL,0,1,NULL,1),('3072',' DS7207  black 245 ',' DS7207  black 245 ',1300,142000,35000,'обувь\r','남성 노블 구두 DS7207(블랙/245)','2020-11-10 18:40:03',NULL,1,1,NULL,1),('3085',' DS7207  brown 265',' DS7207  brown 265',1300,142000,35000,'обувь\r','남성 노블 구두 DS7207(브라운/265)','2020-11-10 18:40:03',NULL,1,1,NULL,1),('3086',' DS7207  brown 270',' DS7207  brown 270',1300,142000,35000,'обувь\r','남성 노블 구두 DS7207(브라운/270)','2020-11-10 18:40:03',NULL,1,1,NULL,1),('3087',' DS7207  brown 275',' DS7207  brown 275',1400,142000,35000,'обувь\r','남성 노블 구두 DS7207(브라운/275)','2020-11-10 18:40:03',NULL,1,1,NULL,1),('3088',' DS7207  brown 280',' DS7207  brown 280',1400,142000,35000,'обувь\r','남성 노블 구두 DS7207(브라운/280)','2020-11-10 18:40:03',NULL,1,1,NULL,1),('310','peeling gel 120ml','пиллинг гель цена партнера',160,8000,2500,'косметика \r','필링젤*1ea','2020-11-10 18:40:06',NULL,1,1,NULL,1),('3123','ㅇㅌㅁ 남성 컴포트 캐주얼 셔츠 체크 M/95','Мужская рубашка клетка M/95',450,29800,7000,'Fashion\r','ㅇㅌㅁ 남성 컴포트 캐주얼 셔츠 체크 M/95','2020-08-17 19:07:10',NULL,0,1,NULL,1),('3124','ㅇㅌㅁ 남성 컴포트 캐주얼 셔츠 체크 L/100','Мужская рубашка клетка L/100',450,29800,7000,'Fashion\r','ㅇㅌㅁ 남성 컴포트 캐주얼 셔츠 체크 L/100','2020-11-10 18:40:02',NULL,1,1,NULL,1),('3125','ㅇㅌㅁ 남성 컴포트 캐주얼 셔츠 체크 XL/105','Мужская рубашка клетка XL/105',450,29800,7000,'Fashion\r','ㅇㅌㅁ 남성 컴포트 캐주얼 셔츠 체크 XL/105','2020-08-17 19:07:10',NULL,0,1,NULL,1),('3127','ㅇㅌㅁ 남성 컴포트 캐주얼 셔츠 스트라이프 L/100','Мужская рубашка полоска L/100',450,29800,7000,'Fashion\r','ㅇㅌㅁ 남성 컴포트 캐주얼 셔츠 스트라이프 L/100','2020-09-23 15:26:55',NULL,0,1,NULL,1),('3128','ㅇㅌㅁ 남성 컴포트 캐주얼 셔츠 스트라이프 XL/105','Мужская рубашка полоска XL/105',450,29800,7000,'Fashion\r','ㅇㅌㅁ 남성 컴포트 캐주얼 셔츠 스트라이프 XL/105','2020-08-17 19:07:10',NULL,0,1,NULL,1),('314','peeling gel 120ml *4','пиллинг гель 4шт ',640,30600,10000,'косметика \r','필링젤*4ea','2020-11-10 18:40:06',NULL,1,1,NULL,1),('3153','여성 쉼 거들형 팬티(S90) Black','широкие трусики S90 черные',140,22000,4500,'Fashion\r','여성 쉼 거들형 팬티 블랙 2세트(S90)','2020-11-10 18:40:06',NULL,1,1,NULL,1),('3154','여성 쉼 거들형 팬티(M95) Black','широкие трусики M95 черные',140,22000,4500,'Fashion\r','여성 쉼 거들형 팬티 블랙 2세트(M95)','2020-11-10 18:40:06',NULL,1,1,NULL,1),('3155','여성 쉼 거들형 팬티(L100) Black','широкие трусики L100 черные',140,22000,4500,'Fashion\r','여성 쉼 거들형 팬티 블랙 2세트(L100)','2020-11-10 18:40:06',NULL,1,1,NULL,1),('3156','여성 쉼 헴 팬티 세트(S90) Black','обычные трусики S90 черные',130,18000,3600,'Fashion\r','여성 쉼 헴 팬티 블랙 2세트(S90)','2020-11-10 18:40:06',NULL,1,1,NULL,1),('3157','여성 쉼 헴 팬티 세트(M95) Black','обычные трусики M95 черные',130,18000,3600,'Fashion\r','여성 쉼 헴 팬티 블랙 2세트(M95)','2020-11-10 18:40:06',NULL,1,1,NULL,1),('3158','여성 쉼 헴 팬티 세트(L100) Black','обычные трусики L100 черные',130,18000,3600,'Fashion\r','여성 쉼 헴 팬티 블랙 2세트(L100)','2020-11-10 18:40:06',NULL,1,1,NULL,1),('3159','크리스찬 라크르와 여성 쿨 썸머 니트 가디건 세트 네이비 S','летний вязаный комплект кардигана S фиолетовый',350,53800,16000,'Fashion\r','크리스찬 라크르와 여성 쿨 썸머 니트 가디건 세트 네이비 S','2020-08-17 19:07:11',NULL,0,1,NULL,1),('3160','크리스찬 라크르와 여성 쿨 썸머 니트 가디건 세트 네이비 M','летний вязаный комплект кардигана М фиолетовый',350,53800,16000,'Fashion\r','크리스찬 라크르와 여성 쿨 썸머 니트 가디건 세트 네이비 M','2020-08-17 19:07:11',NULL,0,1,NULL,1),('3161','크리스찬 라크르와 여성 쿨 썸머 니트 가디건 세트 네이비 L','летний вязаный комплект кардигана L фиолетовый',350,53800,16000,'Fashion\r','크리스찬 라크르와 여성 쿨 썸머 니트 가디건 세트 네이비 L','2020-08-17 19:07:11',NULL,0,1,NULL,1),('3162','크리스찬 라크르와 여성 쿨 썸머 니트 가디건 세트 베이지 S','летний вязаный комплект кардигана S бежевый',350,53800,16000,'Fashion\r','크리스찬 라크르와 여성 쿨 썸머 니트 가디건 세트 베이지 S','2020-08-17 19:07:11',NULL,0,1,NULL,1),('3164','크리스찬 라크르와 여성 쿨 썸머 니트 가디건 세트 베이지 L','летний вязаный комплект кардигана L бежевый',350,53800,16000,'Fashion\r','크리스찬 라크르와 여성 쿨 썸머 니트 가디건 세트 베이지 L','2020-08-17 19:07:11',NULL,0,1,NULL,1),('3165','크리스찬 라크르와 여성 쿨 썸머 니트 가디건 세트 카키 S','летний вязаный комплект кардигана S зеленый (хаки)',350,53800,16000,'Fashion\r','크리스찬 라크르와 여성 쿨 썸머 니트 가디건 세트 카키 S','2020-08-17 19:07:11',NULL,0,1,NULL,1),('3166','크리스찬 라크르와 여성 쿨 썸머 니트 가디건 세트 카키 M','летний вязаный комплект кардигана М зеленый (хаки)',350,53800,16000,'Fashion\r','크리스찬 라크르와 여성 쿨 썸머 니트 가디건 세트 카키 M','2020-08-17 19:07:11',NULL,0,1,NULL,1),('3167','크리스찬 라크르와 여성 쿨 썸머 니트 가디건 세트 카키 L','летний вязаный комплект кардигана L зеленый (хаки)',350,53800,16000,'Fashion\r','크리스찬 라크르와 여성 쿨 썸머 니트 가디건 세트 카키 L','2020-08-17 19:07:11',NULL,0,1,NULL,1),('3168','크리스찬 라크르와 여성 쿨 썸머 니트 가디건 세트 코랄 S','летний вязаный комплект кардигана S кораловый',350,53800,16000,'Fashion\r','크리스찬 라크르와 여성 쿨 썸머 니트 가디건 세트 코랄 S','2020-08-17 19:07:11',NULL,0,1,NULL,1),('3169','크리스찬 라크르와 여성 쿨 썸머 니트 가디건 세트 코랄 M','летний вязаный комплект кардигана М кораловый',350,53800,16000,'Fashion\r','크리스찬 라크르와 여성 쿨 썸머 니트 가디건 세트 코랄 M','2020-08-17 19:07:11',NULL,0,1,NULL,1),('3170','크리스찬 라크르와 여성 쿨 썸머 니트 가디건 세트 코랄 L','летний вязаный комплект кардигана L кораловый',350,53800,16000,'Fashion\r','크리스찬 라크르와 여성 쿨 썸머 니트 가디건 세트 코랄 L','2020-08-17 19:07:11',NULL,0,1,NULL,1),('3187','여성 쉼 거들형 팬티(S90)','широкие трусики S90 бежевые',140,22000,4500,'Fashion\r','여성 쉼 거들형 팬티 베이지 2세트 (S90)','2020-11-10 18:40:06',NULL,1,1,NULL,1),('3188','여성 쉼 거들형 팬티(M95)','широкие трусики M95 бежевые',140,22000,4500,'Fashion\r','여성 쉼 거들형 팬티 베이지 2세트 (M95)','2020-11-10 18:40:06',NULL,1,1,NULL,1),('3189','여성 쉼 거들형 팬티(L100)','широкие трусики L100 бежевые',140,22000,4500,'Fashion\r','여성 쉼 거들형 팬티 베이지 2세트 (L100)','2020-11-10 18:40:06',NULL,1,1,NULL,1),('3190','ㅇㅌㅁ 라쉬반 3D 퍼펙트 드로즈 M/95','мужские трусы 3D ( 3шт) M/95',190,42000,12000,'Fashion\r','ㅇㅌㅁ 라쉬반 3D 퍼펙트 드로즈 M/95','2020-11-10 18:40:02',NULL,1,1,NULL,1),('3191','ㅇㅌㅁ 라쉬반 3D 퍼펙트 드로즈 L/100','мужские трусы 3D ( 3шт) L/100',190,42000,12000,'Fashion\r','ㅇㅌㅁ 라쉬반 3D 퍼펙트 드로즈 L/100','2020-11-10 18:40:02',NULL,1,1,NULL,1),('3192','ㅇㅌㅁ 라쉬반 3D 퍼펙트 드로즈 XL/105','мужские трусы 3D ( 3шт) XL/105',190,42000,12000,'Fashion\r','ㅇㅌㅁ 라쉬반 3D 퍼펙트 드로즈 XL/105','2020-11-10 18:40:02',NULL,1,1,NULL,1),('3193','모달 캐시미어 내의세트(여/S90/와인 WINE)','Кашемир.нижнее белье  Женское  S90 винный',565,49500,10000,'Fashion\r','모달 캐시미어 내의세트(여/S90/와인 WINE)','2020-08-17 19:07:10',NULL,0,1,NULL,1),('3194','모달 캐시미어 내의세트(여/M95/와인 WINE)','Кашемир.нижнее белье  Женское  M95 винный',565,49500,10000,'Fashion\r','모달 캐시미어 내의세트(여/M95/와인 WINE)','2020-08-17 19:07:10',NULL,0,1,NULL,1),('3195','모달 캐시미어 내의세트(여/L100/와인 WINE)','Кашемир.нижнее белье  Женское   L 100 винный',565,49500,10000,'Fashion\r','모달 캐시미어 내의세트(여/L100/와인 WINE)','2020-08-17 19:07:10',NULL,0,1,NULL,1),('3196','모달 캐시미어 내의세트(남/M95/다크 네이비 DARK NAVY)','Кашемир.нижнее белье Мужское M 95 темно-темно-синий',565,49500,10000,'Fashion\r','모달 캐시미어 내의세트(남/M95/다크 네이비 DARK NAVY)','2020-08-17 19:07:10',NULL,0,1,NULL,1),('3197','모달 캐시미어 내의세트(남/L100/다크 네이비 DARK NAVY)','Кашемир.нижнее белье Мужское L 100 темно-темно-синий',565,49500,10000,'Fashion\r','모달 캐시미어 내의세트(남/L100/다크 네이비 DARK NAVY)','2020-08-17 19:07:10',NULL,0,1,NULL,1),('3198','모달 캐시미어 내의세트(남/XL105/다크 네이비 DARK NAVY)','Кашемир.нижнее белье Мужское XL 105 темно-темно-синий',565,49500,10000,'Fashion\r','모달 캐시미어 내의세트(남/XL105/다크 네이비 DARK NAVY)','2020-08-17 19:07:10',NULL,0,1,NULL,1),('3199','ㅇㅌㅁ 남성 노블 드레스셔츠 (М95)','Мужская класическая рубашка М95 белая',450,44800,12000,'Fashion\r','ㅇㅌㅁ 남성 노블 드레스셔츠 화이트 (M95)','2020-11-10 18:40:02',NULL,1,1,NULL,1),('320','deep cleanser 150ml','глубокое очищение ( для снятия макияжа)  цена партнера',180,8000,2500,'косметика \r','딥클렌저*1ea','2020-11-10 18:40:03',NULL,1,1,NULL,1),('3200','ㅇㅌㅁ 남성 노블 드레스셔츠 화이트 (L100)','Мужская класическая рубашка L100 белая',450,44800,12000,'Fashion\r','ㅇㅌㅁ 남성 노블 드레스셔츠 화이트 (L100)','2020-11-10 18:40:02',NULL,1,1,NULL,1),('3201','ㅇㅌㅁ 남성 노블 드레스셔츠 화이트 (XL105)','Мужская класическая рубашка XL105 белая',450,44800,12000,'Fashion\r','ㅇㅌㅁ 남성 노블 드레스셔츠 화이트 (XL105)','2020-11-10 18:40:02',NULL,1,1,NULL,1),('3203','ㅇㅌㅁ 남성 노블 드레스셔츠 블루 (M95)','Мужская класическая рубашка М95 синяя',450,44800,12000,'Fashion\r','ㅇㅌㅁ 남성 노블 드레스셔츠 블루 (M95)','2020-11-10 18:40:02',NULL,1,1,NULL,1),('3204','ㅇㅌㅁ 남성 노블 드레스셔츠 블루 (L100)','Мужская класическая рубашка L100 синяя',450,44800,12000,'Fashion\r','ㅇㅌㅁ 남성 노블 드레스셔츠 블루 (L100)','2020-11-10 18:40:02',NULL,1,1,NULL,1),('3205','ㅇㅌㅁ 남성 노블 드레스셔츠 블루 (XL105)','Мужская класическая рубашка XL105 синяя',450,44800,12000,'Fashion\r','ㅇㅌㅁ 남성 노블 드레스셔츠 블루 (XL105)','2020-11-10 18:40:02',NULL,1,1,NULL,1),('3210','Hip up Tights 2ea','плотные колготы 100 ден',300,14800,3300,'Fashion\r','힙업타이즈','2020-11-10 18:40:06',NULL,1,1,NULL,1),('3211','비제바노 브리티시 앵클 부츠 제트블랙 (225)','Ботильоны Черные 225',800,158000,40000,'обувь\r','비제바노 브리티시 앵클 부츠 제트블랙 (225)','2020-08-17 19:07:10',NULL,0,1,NULL,1),('3212','비제바노 브리티시 앵클 부츠 제트블랙 (230)','Ботильоны Черные 230',800,158000,40000,'обувь\r','비제바노 브리티시 앵클 부츠 제트블랙 (230)','2020-08-17 19:07:10',NULL,0,1,NULL,1),('3213','비제바노 브리티시 앵클 부츠 제트블랙 (235)','Ботильоны Черные 235',800,158000,40000,'обувь\r','비제바노 브리티시 앵클 부츠 제트블랙 (235)','2020-08-17 19:07:10',NULL,0,1,NULL,1),('3214','비제바노 브리티시 앵클 부츠 제트블랙 (240)','Ботильоны Черные 240',800,158000,40000,'обувь\r','비제바노 브리티시 앵클 부츠 제트블랙 (240)','2020-08-17 19:07:10',NULL,0,1,NULL,1),('3215','비제바노 브리티시 앵클 부츠 제트블랙 (245)','Ботильоны Черные 245',800,158000,40000,'обувь\r','비제바노 브리티시 앵클 부츠 제트블랙 (245)','2020-08-17 19:07:10',NULL,0,1,NULL,1),('3216','비제바노 브리티시 앵클 부츠 제트블랙 (250)','Ботильоны Черные 250',800,158000,40000,'обувь\r','비제바노 브리티시 앵클 부츠 제트블랙 (250)','2020-08-17 19:07:10',NULL,0,1,NULL,1),('3217','비제바노 브리티시 앵클 부츠 블랙 (225)','Ботильоны черные 225',800,158000,40000,'обувь\r','비제바노 브리티시 앵클 부츠 블랙 (225)','2020-08-17 19:07:10',NULL,0,1,NULL,1),('3218','비제바노 브리티시 앵클 부츠 블랙 (230)','Ботильоны черные 230',800,158000,40000,'обувь\r','비제바노 브리티시 앵클 부츠 블랙 (230)','2020-08-17 19:07:10',NULL,0,1,NULL,1),('3219','비제바노 브리티시 앵클 부츠 블랙 (235)','Ботильоны черные 235',800,158000,40000,'обувь\r','비제바노 브리티시 앵클 부츠 블랙 (235)','2020-08-17 19:07:10',NULL,0,1,NULL,1),('3220','비제바노 브리티시 앵클 부츠 블랙 (240)','Ботильоны черные 240',800,158000,40000,'обувь\r','비제바노 브리티시 앵클 부츠 블랙 (240)','2020-08-17 19:07:10',NULL,0,1,NULL,1),('3221','비제바노 브리티시 앵클 부츠 블랙 (245)','Ботильоны черные 245',800,158000,40000,'обувь\r','비제바노 브리티시 앵클 부츠 블랙 (245)','2020-08-17 19:07:10',NULL,0,1,NULL,1),('3222','비제바노 브리티시 앵클 부츠 블랙 (250)','Ботильоны черные 250',800,158000,40000,'обувь\r','비제바노 브리티시 앵클 부츠 블랙 (250)','2020-08-17 19:07:10',NULL,0,1,NULL,1),('3223','비제바노 브리티시 앵클 부츠 브라운 (225)','Ботильоны коричневые 225',800,158000,40000,'обувь\r','비제바노 브리티시 앵클 부츠 브라운 (225)','2020-08-17 19:07:10',NULL,0,1,NULL,1),('3224','비제바노 브리티시 앵클 부츠 브라운 (230)','Ботильоны коричневые 230',800,158000,40000,'обувь\r','비제바노 브리티시 앵클 부츠 브라운 (230)','2020-08-17 19:07:10',NULL,0,1,NULL,1),('3225','비제바노 브리티시 앵클 부츠 브라운 (235)','Ботильоны коричневые 235',800,158000,40000,'обувь\r','비제바노 브리티시 앵클 부츠 브라운 (235)','2020-08-17 19:07:10',NULL,0,1,NULL,1),('3226','비제바노 브리티시 앵클 부츠 브라운 (240)','Ботильоны коричневые 240',800,158000,40000,'обувь\r','비제바노 브리티시 앵클 부츠 브라운 (240)','2020-08-17 19:07:10',NULL,0,1,NULL,1),('3227','비제바노 브리티시 앵클 부츠 브라운 (245)','Ботильоны коричневые 245',800,158000,40000,'обувь\r','비제바노 브리티시 앵클 부츠 브라운 (245)','2020-08-17 19:07:10',NULL,0,1,NULL,1),('3228','비제바노 브리티시 앵클 부츠 브라운 (250)','Ботильоны коричневые 250',800,158000,40000,'обувь\r','비제바노 브리티시 앵클 부츠 브라운 (250)','2020-08-17 19:07:10',NULL,0,1,NULL,1),('3229','비제바노 브리티시 앵클 부츠 버건디 (225)','Ботильоны бургундия 225',800,158000,40000,'обувь\r','비제바노 브리티시 앵클 부츠 버건디 (225)','2020-08-17 19:07:10',NULL,0,1,NULL,1),('3230','비제바노 브리티시 앵클 부츠 버건디 (230)','Ботильоны бургундия 230',800,158000,40000,'обувь\r','비제바노 브리티시 앵클 부츠 버건디 (230)','2020-08-17 19:07:10',NULL,0,1,NULL,1),('3231','비제바노 브리티시 앵클 부츠 버건디 (235)','Ботильоны бургундия 235',800,158000,40000,'обувь\r','비제바노 브리티시 앵클 부츠 버건디 (235)','2020-08-17 19:07:10',NULL,0,1,NULL,1),('3232','비제바노 브리티시 앵클 부츠 버건디 (240)','Ботильоны бургундия 240',800,158000,40000,'обувь\r','비제바노 브리티시 앵클 부츠 버건디 (240)','2020-08-17 19:07:10',NULL,0,1,NULL,1),('3233','비제바노 브리티시 앵클 부츠 버건디 (245)','Ботильоны бургундия 245',800,158000,40000,'обувь\r','비제바노 브리티시 앵클 부츠 버건디 (245)','2020-08-17 19:07:10',NULL,0,1,NULL,1),('3234','비제바노 브리티시 앵클 부츠 버건디 (250)','Ботильоны бургундия 250',800,158000,40000,'обувь\r','비제바노 브리티시 앵클 부츠 버건디 (250)','2020-08-17 19:07:10',NULL,0,1,NULL,1),('3235','비제바노 브리티시 앵클 부츠 블루 (225)','Ботильоны синий 225',800,158000,40000,'обувь\r','비제바노 브리티시 앵클 부츠 블루 (225)','2020-08-17 19:07:10',NULL,0,1,NULL,1),('3236','비제바노 브리티시 앵클 부츠 블루 (230)','Ботильоны синий 230',800,158000,40000,'обувь\r','비제바노 브리티시 앵클 부츠 블루 (230)','2020-08-17 19:07:10',NULL,0,1,NULL,1),('3237','비제바노 브리티시 앵클 부츠 블루 (235)','Ботильоны синий 235',800,158000,40000,'обувь\r','비제바노 브리티시 앵클 부츠 블루 (235)','2020-08-17 19:07:10',NULL,0,1,NULL,1),('3238','비제바노 브리티시 앵클 부츠 블루 (240)','Ботильоны синий 240',800,158000,40000,'обувь\r','비제바노 브리티시 앵클 부츠 블루 (240)','2020-08-17 19:07:10',NULL,0,1,NULL,1),('3239','비제바노 브리티시 앵클 부츠 블루 (245)','Ботильоны синий 245',800,158000,40000,'обувь\r','비제바노 브리티시 앵클 부츠 블루 (245)','2020-08-17 19:07:10',NULL,0,1,NULL,1),('324','deep cleanser 150ml * 4ea','глубокое очищение ( для снятия макияжа) 4шт ',720,30600,10000,'косметика \r','딥클렌저*4ea','2020-11-10 18:40:03',NULL,1,1,NULL,1),('3240','비제바노 브리티시 앵클 부츠 블루 (250)','Ботильоны синий 250',800,158000,40000,'обувь\r','비제바노 브리티시 앵클 부츠 블루 (250)','2020-08-17 19:07:10',NULL,0,1,NULL,1),('3241','여성 쉼 브라세트  75A','бра 75А бежевые',400,38000,8000,'Fashion\r','ㅇㅌㅁ 여성 쉼 브라 세트 (베이지/75A)','2020-11-10 18:40:03',NULL,1,1,NULL,1),('3242','여성 쉼 브라세트(75B)','бра 75B бежевые',400,38000,8000,'Fashion\r','ㅇㅌㅁ 여성 쉼 브라 세트 (베이지/75B)','2020-11-10 18:40:03',NULL,1,1,NULL,1),('3243','여성 쉼 브라세트(80A)','бра 80A бежевые',400,38000,8000,'Fashion\r','ㅇㅌㅁ 여성 쉼 브라 세트 (베이지/80A)','2020-11-10 18:40:03',NULL,1,1,NULL,1),('3244','여성 쉼 브라세트(80B)','бра 80B бежевые',400,38000,8000,'Fashion\r','ㅇㅌㅁ 여성 쉼 브라 세트 (베이지/80B)','2020-11-10 18:40:03',NULL,1,1,NULL,1),('3245','여성 쉼 브라세트(80C)','бра 80C бежевые',400,38000,8000,'Fashion\r','ㅇㅌㅁ 여성 쉼 브라 세트 (베이지/80C)','2020-11-10 18:40:03',NULL,1,1,NULL,1),('3246','여성 쉼 브라세트(85A)','бра 85A бежевые',400,38000,8000,'Fashion\r','ㅇㅌㅁ 여성 쉼 브라 세트 (베이지/85A)','2020-11-10 18:40:03',NULL,1,1,NULL,1),('3247','여성 쉼 브라세트(85B)','бра 85B бежевые',400,38000,8000,'Fashion\r','ㅇㅌㅁ 여성 쉼 브라 세트 (베이지/85B)','2020-11-10 18:40:03',NULL,1,1,NULL,1),('3248','여성 쉼 브라세트(85C)','бра 85C бежевые',400,38000,8000,'Fashion\r','ㅇㅌㅁ 여성 쉼 브라 세트 (베이지/85C)','2020-11-10 18:40:03',NULL,1,1,NULL,1),('3249','여성 쉼 브라 블랙 2세트(75A)','бра 75А черные',400,38000,8000,'Fashion\r','ㅇㅌㅁ 여성 쉼 브라 세트 (블랙/75A)','2020-11-10 18:40:03',NULL,1,1,NULL,1),('3250','여성 쉼 브라 블랙 2세트(75B)','бра 75B черные',400,38000,8000,'Fashion\r','ㅇㅌㅁ 여성 쉼 브라 세트 (블랙/75B)','2020-11-10 18:40:03',NULL,1,1,NULL,1),('3251','여성 쉼 브라 블랙 2세트(80A)','бра 80A черные',400,38000,8000,'Fashion\r','ㅇㅌㅁ 여성 쉼 브라 세트 (블랙/80A)','2020-11-10 18:40:03',NULL,1,1,NULL,1),('3252','여성 쉼 브라 블랙 2세트(80B)','бра 80B  черные',400,38000,8000,'Fashion\r','ㅇㅌㅁ 여성 쉼 브라 세트 (블랙/80B)','2020-11-10 18:40:03',NULL,1,1,NULL,1),('3253','여성 쉼 브라 블랙 2세트(80C)','бра 80C  черные',400,38000,8000,'Fashion\r','ㅇㅌㅁ 여성 쉼 브라 세트 (블랙/80C)','2020-11-10 18:40:03',NULL,1,1,NULL,1),('3254','여성 쉼 브라 블랙 2세트(85A)','бра 85A  черные',400,38000,8000,'Fashion\r','ㅇㅌㅁ 여성 쉼 브라 세트 (블랙/85A)','2020-11-10 18:40:03',NULL,1,1,NULL,1),('3255','여성 쉼 브라 블랙 2세트(85B)','бра 85B  черные',400,38000,8000,'Fashion\r','ㅇㅌㅁ 여성 쉼 브라 세트 (블랙/85B)','2020-11-10 18:40:03',NULL,1,1,NULL,1),('3256','여성 쉼 브라 블랙 2세트(85C)','бра 85C  черные',400,38000,8000,'Fashion\r','ㅇㅌㅁ 여성 쉼 브라 세트 (블랙/85C)','2020-11-10 18:40:03',NULL,1,1,NULL,1),('330','peel off mask 120ml','пленка-маска  цена партнера',160,8000,2500,'косметика \r','필오프마스크*1ea','2020-11-10 18:40:06',NULL,1,1,NULL,1),('334','peel off mask 120ml *4ea','пленка-маска 4шт ',640,30600,10000,'косметика \r','필오프마스크*4ea','2020-11-10 18:40:06',NULL,1,1,NULL,1),('350','Evening Care 4 Set * 1set','4фазный вечерний набо по очищению  цена партнера',900,32000,10000,'косметика \r','이브닝케어 4종*1set','2020-11-10 18:40:06',NULL,1,1,NULL,1),('354','Evening Care 4 Set * 4set','4фазный вечерний набо по очищению 4шт ',3600,122400,40000,'косметика \r','이브닝케어 4종*4set','2020-11-10 18:40:06',NULL,1,1,NULL,1),('365','Mineral Pact #13','минеральная пудра №13',85,17000,5500,'косметика \r','미네랄팩트13*1ea','2020-11-10 18:40:04',NULL,1,1,NULL,1),('375','Mineral Pact #21','минеральная пудра №21',85,17000,5500,'косметика \r','미네랄팩트21*1ea','2020-11-10 18:40:04',NULL,1,1,NULL,1),('385','Mineral Pact #23','минеральная пудра №23',85,17000,5500,'косметика \r','미네랄팩트23*1ea','2020-11-10 18:40:04',NULL,1,1,NULL,1),('395','Mineral Pact #25','минеральная пудра №25',85,17000,5500,'косметика \r','미네랄팩트25*1ea','2020-11-10 18:40:04',NULL,1,1,NULL,1),('396','애터미 에어팩트 Air Pact 21','Пудра №21',80,19800,6800,'косметика \r','애터미 에어팩트 21호','2020-11-10 18:40:06',NULL,1,1,NULL,1),('397','애터미 에어팩트 Air Pact 23','Пудра №23',80,19800,6800,'косметика \r','애터미 에어팩트 23호','2020-11-10 18:40:06',NULL,1,1,NULL,1),('400','Lip Glow SPF15+ 3.3g','бальзам-блеск',20,11800,4100,'косметика \r','애터미 립글로우','2020-11-10 18:40:05',NULL,1,1,NULL,1),('4001','애터미 트리액티브 칼슘','Триактивный кальций',220,21000,10500,'Здоровье\r','애터미 트리액티브 칼슘','2021-01-06 17:30:53',NULL,1,1,NULL,1),('4003','애터미 차전자피 식이섬유','Пищевая клетчатка Шелуха подорожника',200,25000,12500,'FOOD\r','애터미 차전자피 식이섬유','2020-11-10 18:40:06',NULL,1,1,NULL,1),('4004','애터미 비타민B 컴플렉스','Витамин В комплексный',120,26000,12000,'Здоровье\r','애터미 비타민B 컴플렉스','2020-12-14 18:19:52',NULL,1,1,NULL,1),('402','Lip stick 402','губная помада 402',30,12800,4700,'косметика \r','애터미 립스틱(코튼로즈)*1ea','2020-11-10 18:40:05',NULL,1,1,NULL,1),('403','Lip stick 403','губная помада 403',30,12800,4700,'косметика \r','애터미 립스틱(누디로즈)*1ea','2020-11-10 18:40:05',NULL,1,1,NULL,1),('404','Lip stick 404','губная помада 404',30,12800,4700,'косметика \r','애터미 립스틱(로즈핑크)*1ea','2020-11-10 18:40:05',NULL,1,1,NULL,1),('406','Lip stick 406','губная помада 406',30,12800,4700,'косметика \r','애터미 립스틱(포피텐저린)*1ea','2020-11-10 18:40:05',NULL,1,1,NULL,1),('407','Lip stick 407','губная помада 407',30,12800,4700,'косметика \r','애터미 립스틱(포피피치)*1ea','2020-11-10 18:40:05',NULL,1,1,NULL,1),('408','Lip stick 408','губная помада 408',30,12800,4700,'косметика \r','애터미 립스틱(포피핑크)*1ea','2020-11-10 18:40:05',NULL,1,1,NULL,1),('409','Lip stick 409','губная помада 409',30,12800,4700,'косметика \r','애터미 립스틱(포피레드)*1ea','2020-11-10 18:40:05',NULL,1,1,NULL,1),('4101','애터미 스타터 키트','Стартовый набор Атоми',5480,493000,300000,'косметика \r','애터미 스타터 키트A','2020-08-17 19:07:11',NULL,0,1,NULL,1),('4103','우리가족 건강 지키美','Набор здоровье нашей семьи',4770,300000,180000,'Здоровье\r','우리가족 건강 지키美','2020-08-17 19:07:11',NULL,0,1,NULL,1),('4104','우리가족 비타민 지키美','Набор витаминов для семьи+1',1000,79400,45000,'Здоровье\r','우리가족 비타민 지키美','2020-08-17 19:07:11',NULL,0,1,NULL,1),('4105','앱솔루트 스킨케어 세트 1 + 앱솔루트 앰플 1','Абсолют люкс набор + абсолют ампула',1340,198000,100000,'косметика \r','앱솔루트 스킨케어 세트 1 + 앱솔루트 앰플 1','2020-08-17 19:07:11',NULL,0,1,NULL,1),('4106','HemoHIM 4set+1','Хемохим 4шт+1',9600,306000,153000,'Здоровье\r','헤모힘 4+1','2020-08-17 19:07:11',NULL,0,1,NULL,1),('4107','Pomegranate beauty 3+1','желе-бар гранат 3+1',4600,198000,75000,'Здоровье\r','석류미인 3+1','2021-01-06 17:30:53',NULL,0,1,NULL,1),('413','Lip stick 413','губная помада 413',30,12800,4700,'косметика \r','애터미 립스틱(벨벳핑크)*1ea','2020-11-10 18:40:05',NULL,1,1,NULL,1),('4135','애터미 오롯이 담은 유기농 양배추즙','Капустный сок. \norganic cabbage juice 2+1',10680,96000,28000,'\r','양배추즙 (2+1)','2020-08-17 19:07:11',NULL,0,1,NULL,1),('4136','착한카레','каре-приправа     2+1',3030,18500,3400,'\r','착한카레  (2+1)','2020-08-17 19:07:11',NULL,0,1,NULL,1),('4137','우리밀 감자라면 컵*1box(18개입)','рамен в чашках -коробка( 18 чашек) 2+1',3900,43200,4800,'\r','감자라면 컵 (2+1)','2020-08-17 19:07:10',NULL,0,1,NULL,1),('4138','케냐 탑 콜드브루','Кенийское кофе холодное 2+1',1800,36000,4000,'\r','케냐 탑 콜드브루 (2+1)','2020-08-17 19:07:11',NULL,0,1,NULL,1),('4140','Atomy Xylitol Gum','Жевательная резинка 3+1',560,8400,900,'\r','자일리톨껌  (3+1)','2020-08-17 19:07:11',NULL,0,1,NULL,1),('4148','Ginkgo  and Natto ','Гинго и Натто 3+1',480,74400,27000,'\r','징코앤낫토 3+1','2020-12-14 18:19:53',NULL,0,1,NULL,1),('4149','Sawpalmetto','со пальметто для мужского здровья 3+1',480,96000,33000,'\r','오-쏘팔메토 3+1','2020-12-14 18:19:53',NULL,0,1,NULL,1),('415','Lip stick 415','губная помада 415',30,12800,4700,'косметика \r','애터미 립스틱 블루밍 레드','2020-11-10 18:40:05',NULL,1,1,NULL,1),('4150','Finezyme','файнзам  3+1',400,42600,16500,'\r','파인자임 (3+1)','2020-08-17 19:07:11',NULL,0,1,NULL,1),('4151','애터미 터마신 MSM\nAtomy Turmacin VSV','Турмасин 3+1',600,119400,48000,'\r','터마신MSM 3+1','2020-12-14 18:19:53',NULL,0,1,NULL,1),('4152','Green Propolis spray','прополис спрей для горла 3+1',730,59400,19500,'\r','그린 프로폴리스 스프레이 3+1','2020-11-10 18:40:03',NULL,0,1,NULL,1),('4153','Rhodiola Milk Thistle','радиола для печени 3+1',480,93000,33000,'\r','밀크씨슬 3+1','2020-11-20 19:50:43',NULL,0,1,NULL,1),('4154','Eye Lutein','Лютеин для глаз 3+1',480,81000,28500,'\r','아이루테인 3+1','2021-01-06 17:30:53',NULL,0,1,NULL,1),('4155','애터미 비타민B 컴플렉스','Витамин В комплексный 3+1',480,78000,36000,'\r','비타민B 컴플렉스 3+1','2020-11-20 19:50:43',NULL,0,1,NULL,1),('4156','Alaska E-OMEGA 3','Омега3  3+1 3+1',760,63000,31500,'\r','트리액티브 칼슘 3+1','2020-12-14 18:19:53',NULL,0,1,NULL,1),('4157','Color Food Vitamin C','Витамин С  цветная еда 3+1',1060,55200,19350,'\r','컬러푸드 비타민C 3+1','2020-11-20 19:50:44',NULL,0,1,NULL,1),('4158','애터미 오롯 착한 누룽지','Нурунджи Рисовые снеки 2+1',2100,25600,2000,'\r','누룽지 2+1','2020-11-10 18:40:03',NULL,0,1,NULL,1),('4159','Organic Green Tea','Органик зеленый чай 2+1',270,27200,3000,'\r','유기농 녹차 2+1','2021-01-06 17:30:53',NULL,0,1,NULL,1),('416','Lip stick 416','губная помада 416',30,12800,4700,'косметика \r','애터미 립스틱 블루밍 웜레드','2020-11-10 18:40:05',NULL,1,1,NULL,1),('4160','채식 라면 (24ea)','Рамен, лапша 24 пакета 2+1',9600,46400,6000,'\r','착한짜장 (2+1)','2020-08-17 19:07:11',NULL,0,1,NULL,1),('4161','애터미 에티오피아 싱글 오리진 라떼','Латте 1+1',14000,26900,2000,'\r','에티오피아 싱글 오리진라떼 (1+1)','2020-08-17 19:07:11',NULL,0,1,NULL,1),('4162','애터미 조림용 멸치','Анчоусы 2+1',1040,19400,2400,'\r','볶음용 멸치 (2+1/교차증정)','2020-08-17 19:07:10',NULL,0,1,NULL,1),('4164','Korean Red Ginseng spherical granule 3+1','красный женьшень гранулах 1 коробка ( 2 банки) 3+1',680,240000,120000,'\r','홍삼단 3+1','2020-08-17 19:07:11',NULL,0,1,NULL,1),('4165','더페임 3+1','Уход за кожей Набор Femme * 1 Рас 5этап 3+1',4200,264000,132000,'\r','더페임 3+1','2020-08-17 19:07:10',NULL,0,1,NULL,1),('4166','Evening Care 4 Set * 1set\n3+1','4фазный вечерний набо по очищению  цена партнера 3+1',3600,96000,50000,'\r','이브닝케어 4종 3+1','2020-08-17 19:07:11',NULL,0,1,NULL,1),('4167','손소독제 2 + 소독 스프레이 1','Санитайзер 2+1',1620,19600,5000,'\r','손소독제 2 + 소독 스프레이 1','2020-08-17 19:07:10',NULL,0,1,NULL,1),('417','Lip stick 417','губная помада 417',30,12800,4700,'косметика \r','애터미 립스틱 블루밍 코랄','2020-11-10 18:40:05',NULL,1,1,NULL,1),('4175','Probiotics 10+','пробиотики',2000,208000,80000,'\r','친생유산균 4+1','2020-11-10 18:40:06',NULL,0,1,NULL,1),('4176','애터미 옴므 스킨 케어','Мужской набор уход за кожей',2960,143400,71700,'\r','옴므 스킨케어 세트 (3+1)','2020-08-17 19:07:11',NULL,0,1,NULL,1),('4177','애터미 더마 리얼 시카','для чувствительнолй кожи Набор Derma Real Cica (3 + 1)',1440,179700,90000,'\r','더마 리얼 시카 세트 (3+1)','2020-08-17 19:07:10',NULL,0,1,NULL,1),('4178','앱솔루트 헤어케어 세트 (3+1)','Набор для ухода за волосами Абсолют',6500,115500,42000,'\r','앱솔루트 헤어케어 세트 3+1','2020-12-14 18:19:53',NULL,0,1,NULL,1),('4179','앱솔루트 에센스 선 (3+1)','Абсолют солнцезащитная эссенция 3+1',320,32400,11400,'\r','앱솔루트 에센스 선 (3+1)','2020-08-17 19:07:11',NULL,0,1,NULL,1),('418','Lip stick 418','губная помада 418',30,12800,4700,'косметика \r','애터미 립스틱 블루밍 누디로즈','2020-11-10 18:40:05',NULL,1,1,NULL,1),('419','Lip stick 419','губная помада 419',30,12800,4700,'косметика \r','애터미 립스틱 블루밍 핑크','2020-11-10 18:40:05',NULL,1,1,NULL,1),('4190','선크림(화이트) (3+1)','Солнцезащитный крем белый 3+2',400,24000,7500,'\r','선크림(화이트) (3+1)','2020-08-17 19:07:10',NULL,0,1,NULL,1),('4191','선크림(베이지) (3+1)','Солнцезащитный крем бежевый 3+1',400,24000,7500,'\r','선크림(베이지) (3+1)','2020-08-17 19:07:10',NULL,0,1,NULL,1),('4192','더마 카밍 선스틱 (3+1)','Atherdomera Carming Sun Stick 3+1',400,32400,11400,'\r','더마 카밍 선스틱 (3+1)','2020-08-17 19:07:10',NULL,0,1,NULL,1),('420','Lip stick 420','губная помада 420',30,12800,4700,'косметика \r','애터미 립스틱 블루밍 오렌지','2020-11-10 18:40:05',NULL,1,1,NULL,1),('432','Lip stick 432','губная помада 432',30,12800,4700,'косметика \r','애터미 립스틱(벨벳버건디)*1ea','2020-08-17 19:07:11',NULL,0,1,NULL,1),('454','Lip stick 454','губная помада 454',30,12800,4700,'косметика \r','애터미 립스틱(선셋오렌지)','2020-12-02 20:00:45',NULL,1,1,NULL,0),('455','Lip stick 455','губная помада 455',30,12800,4700,'косметика \r','애터미 립스틱(데이로지)','2020-11-10 18:40:05',NULL,1,1,NULL,1),('456','Lip stick 456','губная помада 456',30,12800,4700,'косметика \r','애터미 립스틱(허니코랄)','2020-11-10 18:40:05',NULL,1,1,NULL,1),('457','Lip stick 457','губная помада 457',30,12800,4700,'косметика \r','애터미 립스틱(미스티퍼플)','2020-11-10 18:40:05',NULL,1,1,NULL,1),('460','Lip Treatment 3.9g','гигиеническая помада',20,4800,1700,'косметика \r','애터미 립트리트먼트*1ea','2020-11-10 18:40:05',NULL,1,1,NULL,1),('461','Seven solutions Gel mask 14ea','набор гелевых масок',800,29800,9700,'косметика \r','세븐솔루션 겔 마스크','2020-11-10 18:40:04',NULL,1,1,NULL,1),('462','애터미 마린앰플 겔 마스크 수분진정','Маска гелевая успокаювающая ампульная',560,29800,15000,'косметика \r','애터미 마린앰플 겔 마스크 수분진정','2020-11-10 18:40:05',NULL,1,1,NULL,1),('463','애터미 마린앰플 겔 마스크 미백탄력','Маска гелевая отбеливающая',560,29800,15000,'косметика \r','애터미 마린앰플 겔 마스크 미백탄력','2020-11-10 18:40:05',NULL,1,1,NULL,1),('464','Патчи с морским колагеном','Патчи с морским колагеном',150,15000,7500,'косметика \r','애터미 마린앰플 아이패치','2020-11-10 18:40:05',NULL,1,1,NULL,1),('471','Mild bubble cleanser 150ml','мусс для очищения',240,8800,3500,'косметика \r','에코 마일드 버블 클렌저','2020-11-10 18:40:06',NULL,1,1,NULL,1),('472','Cerabebe lotion 200ml','лоьсон с керамидами цена партнера',260,14800,5300,'косметика \r','애터미 세라베베 로션','2020-11-10 18:40:05',NULL,1,1,NULL,1),('473','Cerabebe cream 100ml','крем с керамидами',140,12500,4500,'косметика \r','애터미 세라베베 크림','2020-11-10 18:40:05',NULL,1,1,NULL,1),('474','Cerabebe shampoo &body wash 350ml','Шампунь и гель для душа детский',440,12500,4500,'косметика \r','애터미 세라베베 샴푸&바디워시','2020-11-10 18:40:05',NULL,1,1,NULL,1),('475','Cerabebe 1set','набор для детей с керамидами цена партнера',1000,39800,14300,'косметика \r','애터미 세라베베 3종 세트','2021-01-06 17:30:53',NULL,0,1,NULL,1),('476','Cerabebe sun milk','Солнцезащитное молочко детское',80,9500,3400,'косметика \r','애터미 세라베베 선밀크','2020-11-10 18:40:05',NULL,1,1,NULL,1),('481','Mild cleansing water 300ml','очищающая вода',400,13200,5300,'косметика \r','마일드 클렌징 워터','2020-11-10 18:40:03',NULL,1,1,NULL,1),('482','Atomy DEEP PURE CLEANSING OIL','Гидрофильное масло',240,17800,6200,'косметика \r','애터미 딥퓨어 클렌징 오일','2020-11-10 18:40:05',NULL,1,1,NULL,1),('483','애터미 3초 뷰티 워터','Вода красота за 3 секунды',200,11800,4200,'косметика \r','애터미 3초 뷰티 워터','2020-11-10 18:40:04',NULL,1,1,NULL,1),('484','애터미 클렌징 티슈','Салфетки очищающие',150,2000,700,'косметика \r','애터미 클렌징 티슈','2020-11-10 18:40:06',NULL,1,1,NULL,1),('490','애터미 크림 미스트','Крем Мист',160,12800,5700,'косметика \r','애터미 크림 미스트','2020-11-10 18:40:06',NULL,1,1,NULL,1),('491','Mild cotton 100ea','ватные салфетки',100,1900,500,'косметика \r','애터미 마일드 코튼*1ea','2020-11-10 18:40:05',NULL,1,1,NULL,1),('493','Make up brush set','набор кистей для макияжа',70,14800,4000,'косметика \r','애터미 메이크업 브러쉬 세트','2020-11-10 18:40:05',NULL,1,1,NULL,1),('494','애터미 여행용 뷰티 파우치','Косметичка',420,14800,3000,'косметика \r','애터미 여행용 뷰티 파우치','2020-11-10 18:40:06',NULL,1,1,NULL,1),('5028','글로벌 애터미 매거진','Журнал Global Atomy',200,2000,0,'\r','글로벌 애터미 매거진','2020-09-24 17:36:04',NULL,0,1,NULL,1),('505','Toothpaste 1set 200g*1set (5ea)','зубные пасты Прополис 200гр *5 шт',1200,15000,2500,'косметика \r','애터미 치약 플러스 200g*1set(5ea)','2020-11-10 18:40:06',NULL,1,1,NULL,1),('506','Toothpaste 1set 200g*4set (20ea)','зубные пасты Прополис 200гр *20 шт',4800,58000,10000,'косметика \r','애터미 치약 플러스 200g*4set(20ea)','2020-11-10 18:40:06',NULL,1,1,NULL,1),('510','toothbrush 1set 8ea','набор зубных щеток',220,7920,3900,'косметика \r','애터미 칫솔*1set(8ea)','2020-11-10 18:40:06',NULL,1,1,NULL,1),('511','Compact toothbrush 1set 8ea','набор щеток компакт',220,7800,3000,'косметика \r','애터미 콤팩트칫솔*1set(8ea)','2020-11-10 18:40:06',NULL,1,1,NULL,1),('514','Oral care gift set','подарочный набор зубная гигиена',1000,19700,6500,'косметика \r','오랄케어 기프트 세트','2020-11-10 18:40:06',NULL,1,1,NULL,1),('515','Interdental brush 1set 10pcs 0.8mm SS','набор ершиков для чистки зубов',120,5000,1600,'косметика \r','애터미 치간브러시SS (1set x 16ea)','2020-11-10 18:40:06',NULL,1,1,NULL,1),('520','Oral care system 1set 4ea','дорожные наборы зубная гигиена',480,12000,4800,'косметика \r','오랄케어시스템*1set(4ea)','2020-11-10 18:40:06',NULL,1,1,NULL,1),('523','Toothpaste 1set 50g*4ea','набор зубные паста 50г',240,4600,1000,'косметика \r','애터미 치약 플러스 50g*1set','2020-11-10 18:40:06',NULL,1,1,NULL,1),('524','Lip stick 524','губная помада 524',30,12800,4700,'косметика \r','애터미 립스틱 스프링 핑크','2020-11-10 18:40:05',NULL,1,1,NULL,1),('525','Lip stick 525','губная помада 525',30,12800,4700,'косметика \r','애터미 립스틱 블라썸 핑크','2020-11-10 18:40:05',NULL,1,1,NULL,1),('526','Lip stick 526','губная помада 526',30,12800,4700,'косметика \r','애터미 립스틱 스프링 코랄','2020-11-10 18:40:05',NULL,1,1,NULL,1),('527','Lip stick 527','губная помада 527',30,12800,4700,'косметика \r','애터미 립스틱 스프링 베이지','2020-11-10 18:40:05',NULL,1,1,NULL,1),('535','body care Aidam cleanser 200ml','гель для интимной гигиены цена партнера',260,5300,1500,'косметика \r','애터미 애담 클렌저*1ea','2020-11-10 18:40:06',NULL,1,1,NULL,1),('537','애터미 소독 스프레이','Санитайзер 68,9% 500 мл',540,9800,2500,'Здоровье\r','애터미 소독 스프레이','2020-11-10 18:40:05',NULL,1,1,NULL,1),('539','애터미 손 소독제 겔 ','Санитайзер гель для рук 500 мл',540,9800,2500,'Здоровье\r','애터미 손 소독제 겔 (대용량)','2020-11-10 18:40:05',NULL,1,1,NULL,1),('540','애터미 손 소독제 겔 (휴대용)*3ea','Санитайзер гель для рук 3*50 мл',200,5400,1000,'Здоровье\r','애터미 손 소독제 겔 (휴대용)*3ea','2020-11-10 18:40:05',NULL,1,1,NULL,1),('541','Hand soap 300ml','жидкое мыло для рук',380,3300,750,'косметика \r','애터미 핸드솝*1ea','2020-11-10 18:40:06',NULL,1,1,NULL,1),('545','Hand Therapy 1set 30ml*4ea','набор кремов для рук',200,13800,5000,'косметика \r','애터미 핸드테라피4kit','2020-11-10 18:40:06',NULL,1,1,NULL,1),('547','애터미 더페임 아이크림 여행용 단품 (5개입)','Дорожный крем для глаз 15*5 шт',220,29800,9000,'косметика \r','애터미 더페임 아이크림 여행용 단품 (5개입)','2020-11-10 18:40:05',NULL,1,1,NULL,1),('548','애터미 더페임 영양크림 여행용 단품 (5개입)','Дорожный питательный крем 5 шт',250,29800,9000,'косметика \r','애터미 더페임 영양크림 여행용 단품 (5개입)','2020-11-10 18:40:05',NULL,1,1,NULL,1),('549','애터미 더페임 스킨케어 여행용 키트','Набор фейм по уходу за кожей лица',350,32900,10000,'косметика \r','애터미 더페임 스킨케어 여행용 키트','2020-11-10 18:40:05',NULL,1,1,NULL,1),('5500','RUN KIT',' спорт. футболка и сумка',230,20000,0,'Fashion\r','애터미 RUN KIT(블루/M95)','2020-08-17 19:07:10',NULL,0,1,NULL,1),('553','Atomy Travel Cleansing Kit','дорожный набор очищение',340,11000,2700,'ДЛя дома\r','애터미 여행용 클렌징 키트 6종','2020-11-10 18:40:06',NULL,1,1,NULL,1),('554','Herbday(medium) 40per 1set','женские прокладки медиум',320,11200,3000,'Личная гигиена ( прокладки)\r','애터미 허브데이 중형','2020-11-10 18:40:06',NULL,1,1,NULL,1),('564','Herbday(large) 40per 1set','женские прокладки large',415,12000,3300,'Личная гигиена ( прокладки)\r','애터미 허브데이 대형','2020-11-10 18:40:06',NULL,1,1,NULL,1),('574','Herbday(panty liner) 80per 1set','женские прокладки каждодневные',200,11200,3000,'Личная гигиена ( прокладки)\r','애터미 허브데이 팬티라이너','2020-11-10 18:40:06',NULL,1,1,NULL,1),('600','Herbal shampoo 500ml','травяной шампунь цена партнера',620,10300,4000,'косметика \r','애터미 한방 헤어 샴푸*1ea','2020-11-10 18:40:06',NULL,1,1,NULL,1),('604','Herbal shampoo 500ml *4ea','травяной шампунь 4шт ',2480,40000,16000,'косметика \r','애터미 한방 헤어 샴푸*4ea','2020-11-10 18:40:06',NULL,1,1,NULL,1),('620','Saengmodan hair tonic','спрей против выпадения волос цена партнера',240,11300,4000,'косметика \r','애터미 생모단수*1ea','2020-11-10 18:40:05',NULL,1,1,NULL,1),('624','Hair treatment liquid 200ml *4ea','спрей против выпадения волос 4шт ',960,44000,16000,'косметика \r','애터미 생모단수*4ea','2020-11-10 18:40:05',NULL,1,1,NULL,1),('630','Herbal body cleanser 500ml','Гель для душа цена партнера',600,8200,2500,'косметика \r','애터미 한방 바디 클렌저*1ea','2020-11-10 18:40:06',NULL,1,1,NULL,1),('634','Herbal body cleanser 500ml','Гель для душа 4шт ',2400,32000,10000,'косметика \r','애터미 한방 바디 클렌저*4ea','2020-11-10 18:40:06',NULL,1,1,NULL,1),('645','body care body lotion 300ml','лосьон для тела',380,8500,2500,'косметика \r','애터미 바디로션*1ea','2020-11-10 18:40:05',NULL,1,1,NULL,1),('646','Ultra Rich Body Wash. 350ml','Ултра-Рич гель-вода для тела',500,11800,4200,'косметика \r','애터미 울트라 리치 바디 워시','2020-11-10 18:40:06',NULL,1,1,NULL,1),('647','Ultra Rich Body Cream. 200ml','Ультра -Рич крем для тела',300,13800,5000,'косметика \r','애터미 울트라 리치 바디 크림','2020-08-17 19:07:11',NULL,0,1,NULL,1),('648','Ultra Rich Body set','Ультра набор для тела (гель и крем)',800,24500,9000,'косметика \r','애터미 울트라 리치 바디 케어','2020-08-17 19:07:11',NULL,0,1,NULL,1),('649','Ultra Rich Body Cream. 200ml','Ультракрем для тела',300,13800,5000,'косметика \r','애터미 울트라 리치 바디 크림','2020-11-10 18:40:06',NULL,1,1,NULL,1),('655','Atomy Absolute Hair Care','Набор для ухода за волосами Абсолют',1500,38500,14000,'косметика \r','애터미 앱솔루트 헤어케어','2020-11-10 18:40:06',NULL,1,1,NULL,1),('660','Herbal hair conditioner 500ml','травяной кондиционер цена партнера',600,10300,4000,'косметика \r','애터미 한방 헤어 컨디셔너*1ea','2020-11-10 18:40:06',NULL,1,1,NULL,1),('664','Herbal hair conditioner 500ml *4ea','травяной кондиционер 4шт ',2400,40000,16000,'косметика \r','애터미 한방 헤어 컨디셔너*4ea','2020-11-10 18:40:06',NULL,1,1,NULL,1),('671','bubble & color 5G','краска для волос мусс',235,5200,1300,'косметика \r','애터미 버블앤 컬러 갈색G','2020-11-10 18:40:05',NULL,1,1,NULL,1),('672','bubble & color 6G','краска для волос мусс',235,5200,1300,'косметика \r','애터미 버블앤 컬러 진한갈색G','2020-11-10 18:40:05',NULL,1,1,NULL,1),('673','bubble & color 7G','краска для волос мусс',235,5200,1300,'косметика \r','애터미 버블앤 컬러 자연스런 흑갈색','2020-11-10 18:40:05',NULL,1,1,NULL,1),('674','Jelly & Color 2a','краска для волос Джелли',250,8500,2900,'косметика \r','애터미 젤리앤컬러 체리브라운','2020-11-10 18:40:06',NULL,1,1,NULL,1),('675','Jelly & Color 3a','краска для волос Джелли',250,8500,2900,'косметика \r','애터미 젤리앤컬러 모카브라운','2020-11-10 18:40:06',NULL,1,1,NULL,1),('676','Jelly & Color 4a','краска для волос Джелли',250,8500,2900,'косметика \r','애터미 젤리앤컬러 에스프레소브라운','2020-11-10 18:40:06',NULL,1,1,NULL,1),('681','Hair essential oil 100ml','масло для волос',180,10800,4000,'косметика \r','애터미 헤어 에센셜 오일','2020-11-10 18:40:06',NULL,1,1,NULL,1),('691','Scalp care hair shampoo 500ml','Шампунь для чувствительной кожи головы',620,12500,4400,'косметика \r','애터미 스칼프케어 샴푸','2020-11-10 18:40:05',NULL,1,1,NULL,1),('692','Scalp care hair conditioner 500ml','кондиционер для чувствительной кожи головы',600,12500,4400,'косметика \r','애터미 스칼프케어 컨디셔너','2020-11-10 18:40:05',NULL,1,1,NULL,1),('693','Scalpcare 2set','набор уход за чувствительной кожей головы',1300,25000,8800,'косметика \r','애터미 스칼프케어 2종 세트','2020-11-10 18:40:05',NULL,1,1,NULL,1),('694','Absolute Shampoo','Шампунь Абсолют',600,14800,5200,'косметика \r','애터미 앱솔루트 샴푸','2020-11-10 18:40:06',NULL,1,1,NULL,1),('695','Absolute Conditioner','Абсолют кодинционер',600,14800,5200,'Здоровье\r','애터미 앱솔루트 컨디셔너','2020-11-10 18:40:06',NULL,1,1,NULL,1),('696','Absolut treatment Hair pack 200ml','маска для волос цена партнера Абсолют',260,10300,3600,'косметика \r','애터미 앱솔루트 트리트먼트','2020-11-10 18:40:06',NULL,1,1,NULL,1),('700','calming skin 130ml','успокаиваюший тоник  цена партнера',300,18000,7500,'косметика \r','카밍스킨*1ea','2021-01-06 17:30:53',NULL,0,1,NULL,1),('704','calming skin 130ml * 4ea','успокаиваюший тоник 4шт ',1200,70200,30000,'косметика \r','카밍스킨*4ea','2021-01-06 17:30:53',NULL,0,1,NULL,1),('710','Again serum 40ml','сыворотка Again  цена партнера',130,20000,7800,'косметика \r','어게인세럼*1ea','2021-01-06 17:30:53',NULL,0,1,NULL,1),('714','Again serum 40ml * 4ea','сыворотка Again  4шт ',520,78000,31000,'косметика \r','어게인세럼*4ea','2021-01-06 17:30:53',NULL,0,1,NULL,1),('720','A.C. solution 40ml','Ампула AC Solution цена партнера',140,16800,7000,'косметика \r','A.C.솔루션*1ea','2020-08-17 19:07:10',NULL,0,1,NULL,1),('724','A.C. solution 40ml * 4ea','Ампула AC Solution 4шт ',560,65000,28000,'косметика \r','A.C.솔루션*4ea','2020-08-17 19:07:10',NULL,0,1,NULL,1),('730','control mix 40ml','Лосьон Control Mix  цена партнера',130,20000,7800,'косметика \r','컨트롤믹스*1ea','2020-08-17 19:07:11',NULL,0,1,NULL,1),('734','control mix 40ml * 4ea','Лосьон Control Mix 4шт ',520,78000,31000,'косметика \r','컨트롤믹스*4ea','2020-08-17 19:07:11',NULL,0,1,NULL,1),('740','flora milk 40ml','Молочко flora цена партнера',130,16800,7000,'косметика \r','플로라밀크*1ea','2020-08-17 19:07:11',NULL,0,1,NULL,1),('744','flora milk 40ml * 4ea','Молочко flora 4шт ',520,65000,28000,'косметика \r','플로라밀크*4ea','2020-08-17 19:07:11',NULL,0,1,NULL,1),('749','애터미 옴므 스킨 케어','Мужской набор уход за кожей',740,47800,23900,'косметика \r','애터미 옴므 스킨 케어','2020-11-10 18:40:06',NULL,1,1,NULL,1),('755','애터미 하이드라 브라이트닝 캡슐 에센스','Аква Осветляющая эссенция',320,19800,9500,'косметика \r','애터미 하이드라 브라이트닝 캡슐 에센스','2020-11-10 18:40:06',NULL,1,1,NULL,1),('756','애터미 하이드라 브라이트닝 크림','Аква Осветляющий Крем',200,18800,9000,'косметика \r','애터미 하이드라 브라이트닝 크림','2020-11-10 18:40:06',NULL,1,1,NULL,1),('757','애터미 하이드라 브라이트닝 케어 세트','Набор Аква осветляющий крем и эсенция гидросет',520,37800,19000,'косметика \r','애터미 하이드라 브라이트닝 케어 세트','2020-11-10 18:40:06',NULL,1,1,NULL,1),('759','애터미 더마 리얼 시카','Набор для чувствительнолй кожи',360,59900,30000,'косметика \r','애터미 더마 리얼 시카','2020-11-10 18:40:05',NULL,1,1,NULL,1),('760','A.C. Care special 1set','AC care набор для чувствительной и проблемной кожи  цена партнера',710,55000,22300,'косметика \r','AC SPECIAL*1set','2020-08-17 19:07:10',NULL,0,1,NULL,1),('764','A.C. Care special 4set','AC care набор для чувствительной и проблемной кожи 4шт ',2840,213200,89000,'косметика \r','AC SPECIAL*4set','2020-08-17 19:07:10',NULL,0,1,NULL,1),('765','애터미 아크네 클리어 폼클렌저','Средство от прыщей',220,13800,6600,'косметика \r','애터미 아크네 클리어 폼클렌저','2020-11-10 18:40:06',NULL,1,1,NULL,1),('766','애터미 아크네 클리어 토너','Тоник от прыщей',170,19000,9100,'косметика \r','애터미 아크네 클리어 토너','2020-11-10 18:40:06',NULL,1,1,NULL,1),('767','애터미 아크네 클리어 세럼','Сыворотко против прыщей',80,20000,9600,'косметика \r','애터미 아크네 클리어 세럼','2020-11-10 18:40:06',NULL,1,1,NULL,1),('768','애터미 아크네 클리어 엑스퍼트 시스템','Набор Акне очищение эксперт',780,66800,33500,'косметика \r','애터미 아크네 클리어 엑스퍼트 시스템','2020-12-14 18:19:52',NULL,0,1,NULL,1),('769','애터미 아크네 클리어 스팟 솔루션','Акне очищение Сыворотка',100,16800,7000,'косметика \r','애터미 아크네 클리어 스팟 솔루션','2020-11-20 19:50:44',NULL,0,1,NULL,1),('770','Calming care system 1set','набор успокаиваюший уход для комбинирован.кожи цена партнера',710,55000,22300,'косметика \r','CALMING CARE SPECIAL*1set','2020-08-17 19:07:10',NULL,0,1,NULL,1),('774','Calming care system 4set','набор успокаиваюший уход для комбинирован.кожи 4шт ',2840,213200,89000,'косметика \r','CALMING CARE SPECIAL*4set','2020-08-17 19:07:10',NULL,0,1,NULL,1),('776','애터미 더마 리얼 시카 토너','Тонер Derma Cica Real 120 мл',220,14800,7400,'косметика \r','애터미 더마 리얼 시카 토너','2020-11-10 18:40:05',NULL,1,1,NULL,1),('777','애터미 더마 리얼 시카 앰플','Ампула Derma Cica Real 40 мл',160,28000,14000,'косметика \r','애터미 더마 리얼 시카 앰플','2020-11-10 18:40:05',NULL,1,1,NULL,1),('778','애터미 더마 리얼 시카 크림','Крем для кожи Real Cica 50 мл',80,19800,9900,'косметика \r','애터미 더마 리얼 시카 크림','2020-11-10 18:40:05',NULL,1,1,NULL,1),('779','애터미 더마 리얼 시카 젤클렌저','Гель для умывания Real Cica 150 мл',200,11800,5900,'косметика \r','애터미 더마 리얼 시카 젤클렌저','2020-11-10 18:40:05',NULL,1,1,NULL,1),('780','애터미 더마 카밍 선스틱','Atherdomera Carming Sun Stick',100,10800,3800,'косметика \r','애터미 더마 카밍 선스틱','2020-11-10 18:40:05',NULL,1,1,NULL,1),('781','Aqua toner 150ml','аква тоник',240,14500,5300,'косметика \r','애터미 아쿠아 수분 토너','2020-08-17 19:07:11',NULL,0,1,NULL,1),('782','Aqua serum 50ml','аква сыворотка',140,14500,5300,'косметика \r','애터미 아쿠아 수분 세럼','2020-08-17 19:07:11',NULL,0,1,NULL,1),('783','Aqua cream 80ml','аква крем',200,14800,5400,'косметика \r','애터미 아쿠아 수분 크림','2020-11-10 18:40:06',NULL,1,1,NULL,1),('784','AQUA 3 set','аква набор цена партнера',660,43800,16000,'косметика \r','애터미 아쿠아 수분 3종 세트','2020-08-17 19:07:11',NULL,0,1,NULL,1),('785','DAILY MASCK lifting','Маски тканевые лифтинг',300,9800,3200,'косметика \r','애터미 데일리 마스크 보습 앤 탄력','2020-08-17 19:07:11',NULL,0,1,NULL,1),('786','DAILY MASCK brightening','Маски тканевые отбеливающие',300,9800,3200,'косметика \r','애터미 데일리 마스크 수분 앤 브라이트닝','2020-08-17 19:07:11',NULL,0,1,NULL,1),('787','애터미 데일리 마스크 쿨링 앤 진정','Макси освежающие тканевые',300,9800,3200,'косметика \r','애터미 데일리 마스크 쿨링 앤 진정','2020-08-17 19:07:11',NULL,0,1,NULL,1),('801','Dish Detergent','Средство для мытья посуды',1120,6800,2400,'ДЛя дома\r','애터미 주방세제*1ea','2020-11-10 18:40:06',NULL,1,1,NULL,1),('806','애터미 건전지 AA','Батарея Атоми АА',50,6600,1200,'ДЛя дома\r','애터미 건전지 AA','2020-11-10 18:40:04',NULL,1,1,NULL,1),('808','황사·방역 마스크(KF94)[5매입]','пылезащитные маски для лица  антизагрязнение',150,7900,2000,'Fashion\r','애터미 황사·방역 마스크(KF94)[5매입]','2020-11-10 18:40:06',NULL,1,1,NULL,1),('809','황사 마스크(KF80)[10매입]',' пылезащитные маски  для лица  L size 10 шт',170,7900,2000,'Fashion\r','애터미 황사 마스크(KF80)[10매입]','2020-11-10 18:40:06',NULL,1,1,NULL,1),('816','애터미 주방용 다목적 세정제','Многоцелевой очиститель для кухонной техники',1400,9800,3500,'ДЛя дома\r','애터미 주방용 다목적 세정제','2020-11-10 18:40:06',NULL,1,1,NULL,1),('817','애터미 욕실용 다목적 세정제','Универсальное моющее средство для ванной комнаты',1400,9800,3500,'ДЛя дома\r','애터미 욕실용 다목적 세정제','2020-11-10 18:40:06',NULL,1,1,NULL,1),('818','애터미 황사·방역 마스크 스몰(KF94)[5매입]','Пылезащитная маска KF94 5шт',150,7300,1800,'Fashion\r','애터미 황사·방역 마스크 스몰(KF94)[5매입]','2020-11-10 18:40:06',NULL,1,1,NULL,1),('819','애터미 황사 마스크 스몰(KF80)[5매입]','Пылезащитная маска KF80 5шт',150,4900,1000,'Fashion\r','애터미 황사 마스크 스몰(KF80)[5매입]','2020-11-10 18:40:06',NULL,1,1,NULL,1),('821','Fabric Detergent','стиральный порошок',2640,11000,2800,'ДЛя дома\r','애터미 세탁세제*1ea','2020-09-23 15:26:56',NULL,0,1,NULL,1),('826','애터미 한장세제','Средство для стирки (Салфетка  30шт)',180,9800,3500,'ДЛя дома\r','애터미 한장세제','2020-11-10 18:40:06',NULL,1,1,NULL,1),('831','주방세제용기 1ea','пустая бутылка с дозатором',50,1400,0,'ДЛя дома\r','애터미 주방세제용기*1ea','2020-11-10 18:40:06',NULL,1,1,NULL,1),('832','수세미','голубые губки для посуды',50,3200,760,'ДЛя дома\r','애터미 수세미','2020-11-10 18:40:05',NULL,1,1,NULL,1),('833','고무장갑 (중) 2set','перчатки резиновые среднего размера M',250,4200,1000,'ДЛя дома\r','애터미 고무장갑(중)*2set','2020-11-10 18:40:04',NULL,1,1,NULL,1),('834','고무장갑 (대) 2set','перчатки резиновые больш.размер L',260,4500,1100,'ДЛя дома\r','애터미 고무장갑(대)*2set','2020-11-10 18:40:04',NULL,1,1,NULL,1),('835','스테인레스 수세미','железные губки',65,2400,580,'ДЛя дома\r','애터미 스테인레스 수세미','2020-11-10 18:40:05',NULL,1,1,NULL,1),('836','뽑아쓰는 수세미','салфетки для уборки',170,3200,760,'ДЛя дома\r','애터미 뽑아쓰는 수세미','2021-01-06 17:30:53',NULL,1,1,NULL,1),('840','애터미 다목적 세정제 폼건','Распылитель',50,1200,0,'ДЛя дома\r','애터미 다목적 세정제 폼건','2020-11-10 18:40:05',NULL,1,1,NULL,1),('842','Tape Cleaner','ролик для чистки одежды',945,14800,3300,'ДЛя дома\r','애터미 테이프 크리너','2020-11-10 18:40:06',NULL,1,1,NULL,1),('843','Tape Cleaner','валик для ролика для чистки одежды',650,10800,2400,'ДЛя дома\r','애터미 테이프 크리너 리필','2020-11-10 18:40:06',NULL,1,1,NULL,1),('861','Liquid Detergent','жидкий стиральный порошок',2200,9800,3400,'ДЛя дома\r','애터미 액상세탁세제*1ea','2020-11-10 18:40:06',NULL,1,1,NULL,1),('869','애터미 여행용 티슈 *10ea','Дорожная салфетка тканевая 10 шт',680,6200,1500,'ДЛя дома\r','애터미 여행용 티슈 *10ea','2020-11-10 18:40:06',NULL,1,1,NULL,1),('870','애터미 화장지 선물세트','Подарочный туалетный набор',8200,27800,3600,'ДЛя дома\r','애터미 화장지 선물세트','2020-12-14 18:19:53',NULL,1,1,NULL,1),('871','Fabric Softener','кондиционер для белья',2240,8800,2600,'ДЛя дома\r','애터미 섬유린스*1ea','2020-11-10 18:40:05',NULL,1,1,NULL,1),('872','Wet tissues','мокрые салфетки большие',4800,16000,3000,'ДЛя дома\r','애터미 물티슈','2021-01-06 17:30:53',NULL,0,1,NULL,1),('873','portable Wet tissues','карманные мокрые салфетки',300,2000,500,'ДЛя дома\r','애터미 물티슈 휴대용*3ea','2020-11-10 18:40:05',NULL,1,1,NULL,1),('875','Bath gloves 2ea','перчатки для душа',50,5200,1100,'косметика \r','애터미 샤워장갑','2020-11-10 18:40:05',NULL,1,1,NULL,1),('876','애터미 화장지(35M*15R)*4set','Бумага туалетная (35M*15R)*4set',0,33800,4400,'ДЛя дома\r','애터미 화장지(35M*15R)*4set','2020-11-10 18:40:06',NULL,1,1,NULL,1),('877','Facial Tissues','салфетки',1500,5200,700,'ДЛя дома\r','애터미 미용티슈(250매)*4ea','2020-11-10 18:40:05',NULL,1,1,NULL,1),('878','애터미 키친타올(180매)*6ea','Кухонное полотенце',0,4800,650,'ДЛя дома\r','애터미 키친타올(180매)*6ea','2020-11-10 18:40:06',NULL,1,1,NULL,1),('879','애터미 키친티슈*4ea','Кухонные салфетки ',0,6600,900,'ДЛя дома\r','애터미 키친티슈*4ea','2020-11-10 18:40:06',NULL,1,1,NULL,1),('880','Atomy MediCook Wok 5.4','Атоми круглая кастрюля Вок',4200,185000,74000,'Fashion\r','애터미 메디쿡 5.4L 웍','2020-11-10 18:40:05',NULL,1,1,NULL,1),('881','Atomy 1.8 l MediCook','Atomy 1.8 l MediCook',2500,98000,39000,'Fashion\r','애터미 메디쿡 1.8리터','2020-11-10 18:40:05',NULL,1,1,NULL,1),('882','Atomy 2.2 l MediCook','Atomy 2.2 l MediCook',2600,109000,44000,'Fashion\r','애터미 메디쿡 2.2리터','2020-11-10 18:40:05',NULL,1,1,NULL,1),('883','Atomy MediCook 3.3 l','Атоми медикук кастрюля 3,3л',3500,134000,54000,'Fashion\r','애터미 메디쿡 3.3리터','2020-11-10 18:40:05',NULL,1,1,NULL,1),('884','Atomy sauce pot 5.5 l MediCook','кастрюля 5,5л',4900,157000,63000,'Fashion\r','애터미 메디쿡 5.5리터','2020-11-10 18:40:05',NULL,1,1,NULL,1),('885','Atomy MediCook kitchen set ','Атоми Медикук Набор сковородок и кастрюлей (9 pc)',14000,498000,200000,'Fashion\r','애터미 메디쿡 4종(9pc)','2020-11-10 18:40:05',NULL,1,1,NULL,1),('886','AtomyMediCook 9.3','кастрюля 9,3Л 77,000 PV',8900,192000,77000,'Fashion\r','애터미 메디쿡 9.3리터','2020-11-10 18:40:05',NULL,1,1,NULL,1),('887','Atomy Medicook conical frying pan 28','сковородка 28\"',2800,95000,38000,'Fashion\r','애터미 메디쿡 28프라이팬','2020-11-10 18:40:05',NULL,1,1,NULL,1),('888','Atomy Medicare cook frying pan 22 ','Атоми сковродка  22',2400,75000,30000,'Fashion\r','애터미 메디쿡 22프라이팬','2020-11-10 18:40:05',NULL,1,1,NULL,1),('904','organic olive oil grilled laver * 구운김*4set','морская капуста чипсами 4 коробки',1600,32000,5000,'FOOD\r','유기농 올리브유로 구운김*4set','2020-11-10 18:40:06',NULL,1,1,NULL,1),('904-1','organic olive oil grilled laver * 구운김*1set','морская капуста чипсами  1 коробка',400,8000,0,'FOOD\r','organic olive oil grilled laver * 구운김*1set',NULL,NULL,0,1,NULL,1),('905','김자반','измельченная морская капуста',280,9200,1500,'FOOD\r','올리브유로 볶은 김자반*1set','2020-11-10 18:40:06',NULL,1,1,NULL,1),('906','Organic Olive oil Grilled Laver','морская капуста листы',180,6200,1000,'FOOD\r','유기농 올리브유로 구운김전장','2020-11-10 18:40:06',NULL,1,1,NULL,1),('908','아보케어 100% 엑스트라버진 아보카도 오일','100% экстракт Авокадо Масло',700,16800,4000,'FOOD\r','아보케어 100% 엑스트라버진 아보카도 오일','2020-11-10 18:40:04',NULL,1,1,NULL,1),('910','애터미 서생산 다시마','Дашима ламинария',180,4600,500,'FOOD\r','애터미 서생산 다시마','2020-11-10 18:40:05',NULL,1,1,NULL,1),('911','Premium Dried Seaweed','миок ламинария водоросли',100,4600,900,'FOOD\r','애터미 서생산 돌미역','2020-11-10 18:40:05',NULL,1,1,NULL,1),('912','다시팩','наборы сухих морепродуктов',260,13800,1500,'FOOD\r','애터미 다시팩','2020-11-10 18:40:05',NULL,1,1,NULL,1),('914','볶음용 멸치','мальки-анчоусы',270,9700,1200,'FOOD\r','애터미 볶음용 멸치','2020-11-10 18:40:05',NULL,1,1,NULL,1),('915','조림용 멸치','анчоусы',400,9500,1100,'FOOD\r','애터미 조림용 멸치','2020-11-10 18:40:06',NULL,1,1,NULL,1),('920','애터미 간 고등어 2kg','Скумбрия',2100,27000,3000,'FOOD\r','애터미 간 고등어 2kg','2020-11-10 18:40:04',NULL,1,1,NULL,1),('925','착한카레','каре-приправа',1010,9250,1700,'FOOD\r','애터미 착한카레','2021-01-06 17:30:53',NULL,0,1,NULL,1),('930','채식 라면 (24ea)','Рамен, лапша 24 пакета',3200,28800,4000,'FOOD\r','애터미 감자로만든채식라면*1box','2020-11-10 18:40:04',NULL,1,1,NULL,1),('932','짜장 1 box (16ea)','Чаджамен, 16 пакетов',3440,23200,3000,'FOOD\r','애터미 착한짜장*1box(16ea)','2020-11-10 18:40:06',NULL,1,1,NULL,1),('933','우리밀 감자라면 컵*1box(18개입)','рамен в чашках -коробка( 18 чашек)',1300,21600,2400,'FOOD\r','애터미 우리밀 감자라면 컵*1box(18개입)','2020-11-10 18:40:06',NULL,1,1,NULL,1),('936','애터미 오롯 착한곰탕','Гомтан',1900,17800,1800,'FOOD\r','애터미 오롯 착한곰탕','2020-11-10 18:40:06',NULL,1,1,NULL,1),('938','애터미 오롯 착한 누룽지','Нурунджи Рисовые снеки',700,12800,1000,'FOOD\r','애터미 오롯 착한 누룽지','2020-11-10 18:40:06',NULL,1,1,NULL,1),('939','Atomy Xylitol Gum','Жевательная резинка',140,2800,300,'FOOD\r','애터미 자일리톨 껌*1ea','2020-11-10 18:40:06',NULL,1,1,NULL,1),('941','양갱 Gift Set','восточные сладости',800,10000,3000,'FOOD\r','양갱선물세트*1set(15ea)','2020-11-10 18:40:06',NULL,1,1,NULL,1),('944','착한 골뱅이','консерва улитка',250,6000,1000,'FOOD\r','애터미 착한 골뱅이','2020-11-10 18:40:06',NULL,1,1,NULL,1),('946','착한 햄*3ea','3шт консервы колбаса',700,9000,1500,'FOOD\r','애터미 착한 햄*3ea','2021-01-06 17:30:53',NULL,1,1,NULL,1),('951','유기미네랄원당','Органический сахар',1010,12800,3600,'FOOD\r','애터미 유기 미네랄 원당','2020-11-10 18:40:06',NULL,1,1,NULL,1),('953','애터미 우리밀로 만든 두부과자*3EA','тофу печенье',100,7500,700,'FOOD\r','애터미 우리밀로 만든 두부과자*3ea','2021-01-06 17:30:53',NULL,1,1,NULL,1),('960','애터미 명장 포기김치 4kg','Закуска Кимчи 4 кг.',4000,22000,2700,'FOOD\r','애터미 명장 포기김치 4kg','2020-11-10 18:40:05',NULL,1,1,NULL,1),('965','Balance Life','сбалансированная жизнь',1150,39600,11000,'Здоровье\r','애터미 밸런스라이프','2020-11-10 18:40:05',NULL,1,1,NULL,1),('967','애터미 생과즙 그대로 자몽 주스','Сок грейпфруктовый',1900,15700,1500,'FOOD\r','애터미 생과즙 그대로 자몽 주스','2020-11-10 18:40:05',NULL,1,1,NULL,1),('968','애터미 생과즙 그대로 오렌지 주스','Сок апельсиновый',1900,15700,1500,'FOOD\r','애터미 생과즙 그대로 오렌지 주스','2020-11-10 18:40:05',NULL,1,1,NULL,1),('969','Vuco coconut water*6캔','кокосовая вода 6 банок',2040,8800,1500,'FOOD\r','뷰코 코코넛 워터*6캔','2020-08-17 19:07:10',NULL,0,1,NULL,1),('969-1','Vuco coconut water*1캔','кокосовая вода 1 банка',340,1600,0,'FOOD\r','Vuco coconut water*1캔',NULL,NULL,0,1,NULL,1),('970','Vuco coconut water*24캔','кокосовая вода 24 банок',8160,32400,5500,'FOOD\r','뷰코 코코넛 워터*24캔','2020-08-17 19:07:10',NULL,0,1,NULL,1),('971','Café arabica 200T','кофе арабика микс 200стиков',2840,23800,3000,'FOOD\r','카페 아라비카*1set','2020-11-10 18:40:06',NULL,1,1,NULL,1),('973','Café arabica 50T','кофе арабика микс 50 стиков',700,6800,1000,'FOOD\r','카페 아라비카 50T','2020-11-10 18:40:06',NULL,1,1,NULL,1),('975','Café arabica black 1.6*80','кофе черный 80стиков по 1.6 гр',260,13600,3000,'FOOD\r','애터미 카페 아라비카 블랙*1set','2020-11-10 18:40:06',NULL,1,1,NULL,1),('977','Organic Green Tea','Органик зеленый чай',90,13600,1500,'FOOD\r','애터미 유기농 녹차','2020-11-10 18:40:06',NULL,1,1,NULL,1),('978','Café arabica Black Mini 1*70','кофе черный мини 70стиков по 1 гр',140,8600,1500,'FOOD\r','애터미 카페 아라비카 블랙미니','2020-12-15 02:48:08',NULL,1,1,NULL,1),('982','Nut Mix 1set','орешки',1200,34500,3500,'FOOD\r','애터미 알찬견과 *1set','2020-11-10 18:40:06',NULL,1,1,NULL,1),('983','애터미 알찬견과 *4set','Орехи набор 4 упак',4000,134000,14000,'FOOD\r','애터미 알찬견과 *4set','2020-11-10 18:40:06',NULL,1,1,NULL,1),('986','애터미 착한 만두세트','Aeti пельмени (Манду)',2675,27800,3500,'FOOD\r','애터미 착한 만두세트','2020-11-10 18:40:06',NULL,1,1,NULL,1),('990','KAMPOT BLACK PEPER','Черный перец',120,8800,1000,'FOOD\r','애터미 캄폿 흑후추 (단품)','2020-08-17 19:07:11',NULL,0,1,NULL,1),('991','자연발효 다시마간장','соевой соус дашима',1200,9500,1500,'FOOD\r','애터미 다시마간장','2020-11-10 18:40:05',NULL,1,1,NULL,1),('992','애터미 참기름·들기름 세트','Набор масло кунжутное и периловое',560,24600,3200,'FOOD\r','애터미 참기름·들기름 세트','2020-08-17 19:07:11',NULL,0,1,NULL,1),('993','참기름','Кунжутное масло ',280,19800,2000,'FOOD\r','애터미 참기름','2020-11-20 19:50:44',NULL,1,1,NULL,1),('994','들기름','перилловое масло',280,10400,1400,'FOOD\r','애터미 들기름','2020-11-10 18:40:05',NULL,1,1,NULL,1),('996','바쏘 포도씨유 세트','Набор Basso виноградное масло',1700,9800,1600,'FOOD\r','바쏘 포도씨유 세트','2020-12-14 18:19:52',NULL,0,1,NULL,1),('998','착한 순창 고추장','соус острый перец  кочуджан',1010,9800,1500,'FOOD\r','애터미 착한 순창 고추장','2020-11-10 18:40:06',NULL,1,1,NULL,1),('X_locship',NULL,NULL,0,2500,NULL,NULL,'Local shipping',NULL,NULL,0,1,0,1);
/*!40000 ALTER TABLE `products` ENABLE KEYS */;
UNLOCK TABLES;

--
-- Table structure for table `shipping`
--

DROP TABLE IF EXISTS `shipping`;
/*!40101 SET @saved_cs_client     = @@character_set_client */;
/*!50503 SET character_set_client = utf8mb4 */;
CREATE TABLE `shipping` (
  `id` int NOT NULL AUTO_INCREMENT,
  `when_created` datetime DEFAULT NULL,
  `when_changed` datetime DEFAULT NULL,
  `name` varchar(16) COLLATE utf8_unicode_ci DEFAULT NULL,
  `discriminator` varchar(50) COLLATE utf8_unicode_ci DEFAULT NULL,
  PRIMARY KEY (`id`),
  KEY `ix_shipping_when_created` (`when_created`)
) ENGINE=InnoDB AUTO_INCREMENT=7 DEFAULT CHARSET=utf8 COLLATE=utf8_unicode_ci;
/*!40101 SET character_set_client = @saved_cs_client */;

--
-- Dumping data for table `shipping`
--

LOCK TABLES `shipping` WRITE;
/*!40000 ALTER TABLE `shipping` DISABLE KEYS */;
INSERT INTO `shipping` VALUES (1,'2020-08-16 00:00:00',NULL,'EMS',NULL),(2,'2020-08-17 00:00:00',NULL,'Sail',NULL),(3,NULL,NULL,'Cargo',NULL),(4,NULL,NULL,'No shipping','noshipping'),(5,NULL,NULL,'DHL','dhl'),(6,NULL,NULL,'Postpone','postpone');
/*!40000 ALTER TABLE `shipping` ENABLE KEYS */;
UNLOCK TABLES;

--
-- Table structure for table `shipping_rates`
--

DROP TABLE IF EXISTS `shipping_rates`;
/*!40101 SET @saved_cs_client     = @@character_set_client */;
/*!50503 SET character_set_client = utf8mb4 */;
CREATE TABLE `shipping_rates` (
  `id` int NOT NULL AUTO_INCREMENT,
  `destination` varchar(2) COLLATE utf8_unicode_ci DEFAULT NULL,
  `weight` int DEFAULT NULL,
  `rate` int DEFAULT NULL,
  `shipping_method_id` int DEFAULT NULL,
  PRIMARY KEY (`id`),
  KEY `ix_shipping_rates_weight` (`weight`),
  KEY `shipping_method_id` (`shipping_method_id`),
  KEY `shipping_rates_ibfk_2` (`destination`),
  CONSTRAINT `shipping_rates_ibfk_1` FOREIGN KEY (`shipping_method_id`) REFERENCES `shipping` (`id`),
  CONSTRAINT `shipping_rates_ibfk_2` FOREIGN KEY (`destination`) REFERENCES `countries` (`id`)
) ENGINE=InnoDB AUTO_INCREMENT=2310 DEFAULT CHARSET=utf8 COLLATE=utf8_unicode_ci;
/*!40101 SET character_set_client = @saved_cs_client */;

--
-- Dumping data for table `shipping_rates`
--

LOCK TABLES `shipping_rates` WRITE;
/*!40000 ALTER TABLE `shipping_rates` DISABLE KEYS */;
INSERT INTO `shipping_rates` VALUES (64,'ua',500,30500,1),(65,'ua',750,32500,1),(66,'ua',1000,34500,1),(67,'ua',1250,36500,1),(68,'ua',1500,38500,1),(69,'ua',1750,40500,1),(70,'ua',2000,42500,1),(71,'ua',2500,46500,1),(72,'ua',3000,50000,1),(73,'ua',3500,54000,1),(74,'ua',4000,58000,1),(75,'ua',4500,61500,1),(76,'ua',5000,65500,1),(77,'ua',5500,69000,1),(78,'ua',6000,73000,1),(79,'ua',6500,78000,1),(80,'ua',7000,83000,1),(81,'ua',7500,88000,1),(82,'ua',8000,93000,1),(83,'ua',8500,97500,1),(84,'ua',9000,102500,1),(85,'ua',9500,107500,1),(86,'ua',10000,112500,1),(87,'ua',10500,117500,1),(88,'ua',11000,122500,1),(89,'ua',11500,127500,1),(90,'ua',12000,132500,1),(91,'ua',12500,137500,1),(92,'ua',13000,142500,1),(93,'ua',13500,147500,1),(94,'ua',14000,152500,1),(95,'ua',14500,157500,1),(96,'ua',15000,162000,1),(97,'ua',15500,167000,1),(98,'ua',16000,172000,1),(99,'ua',16500,177000,1),(100,'ua',17000,182000,1),(101,'ua',17500,187000,1),(102,'ua',18000,192000,1),(103,'ua',18500,197000,1),(104,'ua',19000,202000,1),(105,'ua',19500,207000,1),(106,'ua',20000,212000,1),(107,'kz',500,30500,1),(108,'kz',750,32500,1),(109,'kz',1000,34500,1),(110,'kz',1250,36500,1),(111,'kz',1500,38500,1),(112,'kz',1750,40500,1),(113,'kz',2000,42500,1),(114,'kz',2500,46500,1),(115,'kz',3000,50000,1),(116,'kz',3500,54000,1),(117,'kz',4000,58000,1),(118,'kz',4500,61500,1),(119,'kz',5000,65500,1),(120,'kz',5500,69000,1),(121,'kz',6000,73000,1),(122,'kz',6500,78000,1),(123,'kz',7000,83000,1),(124,'kz',7500,88000,1),(125,'kz',8000,93000,1),(126,'kz',8500,97500,1),(127,'kz',9000,102500,1),(128,'kz',9500,107500,1),(129,'kz',10000,112500,1),(130,'kz',10500,117500,1),(131,'kz',11000,122500,1),(132,'kz',11500,127500,1),(133,'kz',12000,132500,1),(134,'kz',12500,137500,1),(135,'kz',13000,142500,1),(136,'kz',13500,147500,1),(137,'kz',14000,152500,1),(138,'kz',14500,157500,1),(139,'kz',15000,162000,1),(140,'kz',15500,167000,1),(141,'kz',16000,172000,1),(142,'kz',16500,177000,1),(143,'kz',17000,182000,1),(144,'kz',17500,187000,1),(145,'kz',18000,192000,1),(146,'kz',18500,197000,1),(147,'kz',19000,202000,1),(148,'kz',19500,207000,1),(149,'kz',20000,212000,1),(257,'cn',1000,9900,2),(258,'cn',2000,15500,2),(259,'cn',4000,20000,2),(260,'cn',6000,24500,2),(261,'cn',8000,29000,2),(262,'cn',10000,34000,2),(263,'cn',12000,38500,2),(264,'cn',14000,43000,2),(265,'cn',16000,47500,2),(266,'cn',18000,52500,2),(267,'cn',20000,57000,2),(268,'fr',1000,12000,2),(269,'fr',2000,18500,2),(270,'fr',4000,24500,2),(271,'fr',6000,30500,2),(272,'fr',8000,37000,2),(273,'fr',10000,43000,2),(274,'fr',12000,49000,2),(275,'fr',14000,55500,2),(276,'fr',16000,61500,2),(277,'fr',18000,67500,2),(278,'fr',20000,74000,2),(290,'hk',1000,9900,2),(291,'hk',2000,15500,2),(292,'hk',4000,20000,2),(293,'hk',6000,24500,2),(294,'hk',8000,29000,2),(295,'hk',10000,34000,2),(296,'hk',12000,38500,2),(297,'hk',14000,43000,2),(298,'hk',16000,47500,2),(299,'hk',18000,52500,2),(300,'hk',20000,57000,2),(312,'nz',1000,13000,2),(313,'nz',2000,20000,2),(314,'nz',4000,27500,2),(315,'nz',6000,35500,2),(316,'nz',8000,43000,2),(317,'nz',10000,50500,2),(318,'nz',12000,58500,2),(319,'nz',14000,66000,2),(320,'nz',16000,74000,2),(321,'nz',18000,81500,2),(322,'nz',20000,89000,2),(323,'au',500,23000,1),(324,'au',750,26000,1),(325,'au',1000,29000,1),(326,'au',1250,32000,1),(327,'au',1500,35000,1),(328,'au',1750,38500,1),(329,'au',2000,41500,1),(330,'au',2500,46500,1),(331,'au',3000,51000,1),(332,'au',3500,56000,1),(333,'au',4000,60500,1),(334,'au',4500,65500,1),(335,'au',5000,70000,1),(336,'au',5500,75000,1),(337,'au',6000,80000,1),(338,'au',6500,84500,1),(339,'au',7000,89500,1),(340,'au',7500,94000,1),(341,'au',8000,99000,1),(342,'au',8500,104000,1),(343,'au',9000,108500,1),(344,'au',9500,113500,1),(345,'au',10000,118000,1),(346,'au',10500,123000,1),(347,'au',11000,127500,1),(348,'au',11500,132500,1),(349,'au',12000,137500,1),(350,'au',12500,142000,1),(351,'au',13000,147000,1),(352,'au',13500,151500,1),(353,'au',14000,156500,1),(354,'au',14500,161500,1),(355,'au',15000,166000,1),(356,'au',15500,171000,1),(357,'au',16000,175500,1),(358,'au',16500,180500,1),(359,'au',17000,185000,1),(360,'au',17500,190000,1),(361,'au',18000,195000,1),(362,'au',18500,199500,1),(363,'au',19000,204500,1),(364,'au',19500,209000,1),(365,'au',20000,214000,1),(366,'au',20500,219000,1),(367,'au',21000,223500,1),(368,'au',21500,228500,1),(369,'au',22000,233000,1),(370,'au',22500,238000,1),(371,'au',23000,243000,1),(372,'au',23500,247500,1),(373,'au',24000,252500,1),(374,'au',24500,257000,1),(375,'au',25000,262000,1),(376,'au',25500,266500,1),(377,'au',26000,271500,1),(378,'au',26500,276500,1),(379,'au',27000,281000,1),(380,'au',27500,286000,1),(381,'au',28000,290500,1),(382,'au',28500,295500,1),(383,'au',29000,300500,1),(384,'au',29500,305000,1),(385,'au',30000,310000,1),(386,'br',500,32000,1),(387,'br',750,35000,1),(388,'br',1000,38000,1),(389,'br',1250,41000,1),(390,'br',1500,44500,1),(391,'br',1750,47500,1),(392,'br',2000,50500,1),(393,'br',2500,56500,1),(394,'br',3000,62000,1),(395,'br',3500,68000,1),(396,'br',4000,74000,1),(397,'br',4500,79500,1),(398,'br',5000,87500,1),(399,'br',5500,95500,1),(400,'br',6000,103500,1),(401,'br',6500,111500,1),(402,'br',7000,119500,1),(403,'br',7500,128000,1),(404,'br',8000,136000,1),(405,'br',8500,144000,1),(406,'br',9000,152000,1),(407,'br',9500,160000,1),(408,'br',10000,168000,1),(409,'br',10500,176000,1),(410,'br',11000,184000,1),(411,'br',11500,192000,1),(412,'br',12000,200000,1),(413,'br',12500,208000,1),(414,'br',13000,216000,1),(415,'br',13500,224000,1),(416,'br',14000,232000,1),(417,'br',14500,240000,1),(418,'br',15000,248000,1),(419,'br',15500,256000,1),(420,'br',16000,264000,1),(421,'br',16500,272000,1),(422,'br',17000,280000,1),(423,'br',17500,288000,1),(424,'br',18000,296000,1),(425,'br',18500,304500,1),(426,'br',19000,312500,1),(427,'br',19500,320500,1),(428,'br',20000,328500,1),(429,'br',20500,336500,1),(430,'br',21000,344500,1),(431,'br',21500,352500,1),(432,'br',22000,360500,1),(433,'br',22500,368500,1),(434,'br',23000,376500,1),(435,'br',23500,384500,1),(436,'br',24000,392500,1),(437,'br',24500,400500,1),(438,'br',25000,408500,1),(439,'br',25500,416500,1),(440,'br',26000,424500,1),(441,'br',26500,432500,1),(442,'br',27000,440500,1),(443,'br',27500,448500,1),(444,'br',28000,456500,1),(445,'br',28500,464500,1),(446,'br',29000,472500,1),(447,'br',29500,481000,1),(448,'br',30000,489000,1),(512,'cn',500,23500,1),(513,'cn',750,25000,1),(514,'cn',1000,26500,1),(515,'cn',1250,28000,1),(516,'cn',1500,30000,1),(517,'cn',1750,31500,1),(518,'cn',2000,32500,1),(519,'cn',2500,34000,1),(520,'cn',3000,35500,1),(521,'cn',3500,37000,1),(522,'cn',4000,39000,1),(523,'cn',4500,40500,1),(524,'cn',5000,42000,1),(525,'cn',5500,44000,1),(526,'cn',6000,45500,1),(527,'cn',6500,47000,1),(528,'cn',7000,48500,1),(529,'cn',7500,50500,1),(530,'cn',8000,52000,1),(531,'cn',8500,53500,1),(532,'cn',9000,55500,1),(533,'cn',9500,57000,1),(534,'cn',10000,58500,1),(535,'cn',10500,60000,1),(536,'cn',11000,62000,1),(537,'cn',11500,63500,1),(538,'cn',12000,65000,1),(539,'cn',12500,67000,1),(540,'cn',13000,68500,1),(541,'cn',13500,70000,1),(542,'cn',14000,72000,1),(543,'cn',14500,73500,1),(544,'cn',15000,75000,1),(545,'cn',15500,76500,1),(546,'cn',16000,78500,1),(547,'cn',16500,80500,1),(548,'cn',17000,82500,1),(549,'cn',17500,84500,1),(550,'cn',18000,86500,1),(551,'cn',18500,88500,1),(552,'cn',19000,90000,1),(553,'cn',19500,92000,1),(554,'cn',20000,94000,1),(555,'cn',20500,96000,1),(556,'cn',21000,98000,1),(557,'cn',21500,100000,1),(558,'cn',22000,102000,1),(559,'cn',22500,103500,1),(560,'cn',23000,105500,1),(561,'cn',23500,107500,1),(562,'cn',24000,109500,1),(563,'cn',24500,111500,1),(564,'cn',25000,113500,1),(565,'cn',25500,115500,1),(566,'cn',26000,117000,1),(567,'cn',26500,119000,1),(568,'cn',27000,121000,1),(569,'cn',27500,123000,1),(570,'cn',28000,125000,1),(571,'cn',28500,127000,1),(572,'cn',29000,129000,1),(573,'cn',29500,130500,1),(574,'cn',30000,132500,1),(575,'fr',500,26000,1),(576,'fr',750,28000,1),(577,'fr',1000,29500,1),(578,'fr',1250,31500,1),(579,'fr',1500,33000,1),(580,'fr',1750,35000,1),(581,'fr',2000,36500,1),(582,'fr',2500,40000,1),(583,'fr',3000,43000,1),(584,'fr',3500,46500,1),(585,'fr',4000,50000,1),(586,'fr',4500,53000,1),(587,'fr',5000,56500,1),(588,'fr',5500,59500,1),(589,'fr',6000,63000,1),(590,'fr',6500,66000,1),(591,'fr',7000,70500,1),(592,'fr',7500,75000,1),(593,'fr',8000,79500,1),(594,'fr',8500,84000,1),(595,'fr',9000,88500,1),(596,'fr',9500,93000,1),(597,'fr',10000,97500,1),(598,'fr',10500,101500,1),(599,'fr',11000,106000,1),(600,'fr',11500,110500,1),(601,'fr',12000,115000,1),(602,'fr',12500,119500,1),(603,'fr',13000,124000,1),(604,'fr',13500,128500,1),(605,'fr',14000,133000,1),(606,'fr',14500,137500,1),(607,'fr',15000,141500,1),(608,'fr',15500,146000,1),(609,'fr',16000,150500,1),(610,'fr',16500,155000,1),(611,'fr',17000,159500,1),(612,'fr',17500,164000,1),(613,'fr',18000,168500,1),(614,'fr',18500,173000,1),(615,'fr',19000,177500,1),(616,'fr',19500,181500,1),(617,'fr',20000,186000,1),(618,'fr',20500,190500,1),(619,'fr',21000,195000,1),(620,'fr',21500,199500,1),(621,'fr',22000,204000,1),(622,'fr',22500,208500,1),(623,'fr',23000,213000,1),(624,'fr',23500,217500,1),(625,'fr',24000,221500,1),(626,'fr',24500,226000,1),(627,'fr',25000,230500,1),(628,'fr',25500,235000,1),(629,'fr',26000,239500,1),(630,'fr',26500,244000,1),(631,'fr',27000,248500,1),(632,'fr',27500,253000,1),(633,'fr',28000,257500,1),(634,'fr',28500,261500,1),(635,'fr',29000,266000,1),(636,'fr',29500,270500,1),(637,'fr',30000,275000,1),(701,'hk',500,22500,1),(702,'hk',750,23500,1),(703,'hk',1000,24500,1),(704,'hk',1250,25500,1),(705,'hk',1500,26500,1),(706,'hk',1750,27500,1),(707,'hk',2000,28500,1),(708,'hk',2500,30000,1),(709,'hk',3000,31500,1),(710,'hk',3500,33000,1),(711,'hk',4000,34500,1),(712,'hk',4500,35500,1),(713,'hk',5000,37000,1),(714,'hk',5500,38500,1),(715,'hk',6000,40000,1),(716,'hk',6500,41500,1),(717,'hk',7000,43000,1),(718,'hk',7500,44500,1),(719,'hk',8000,46000,1),(720,'hk',8500,48000,1),(721,'hk',9000,50000,1),(722,'hk',9500,52000,1),(723,'hk',10000,54000,1),(724,'hk',10500,56000,1),(725,'hk',11000,58000,1),(726,'hk',11500,60000,1),(727,'hk',12000,62000,1),(728,'hk',12500,64000,1),(729,'hk',13000,66000,1),(730,'hk',13500,68000,1),(731,'hk',14000,70000,1),(732,'hk',14500,72000,1),(733,'hk',15000,74000,1),(734,'hk',15500,76000,1),(735,'hk',16000,77500,1),(736,'hk',16500,79500,1),(737,'hk',17000,81500,1),(738,'hk',17500,83500,1),(739,'hk',18000,85500,1),(740,'hk',18500,87500,1),(741,'hk',19000,89500,1),(742,'hk',19500,91500,1),(743,'hk',20000,93500,1),(744,'hk',20500,95500,1),(745,'hk',21000,97500,1),(746,'hk',21500,99500,1),(747,'hk',22000,101500,1),(748,'hk',22500,103500,1),(749,'hk',23000,105500,1),(750,'hk',23500,107500,1),(751,'hk',24000,109500,1),(752,'hk',24500,111500,1),(753,'hk',25000,113500,1),(754,'hk',25500,115500,1),(755,'hk',26000,117000,1),(756,'hk',26500,119000,1),(757,'hk',27000,121000,1),(758,'hk',27500,123000,1),(759,'hk',28000,125000,1),(760,'hk',28500,127000,1),(761,'hk',29000,129000,1),(762,'hk',29500,131000,1),(763,'hk',30000,133000,1),(764,'id',500,19000,1),(765,'id',750,20000,1),(766,'id',1000,21000,1),(767,'id',1250,22500,1),(768,'id',1500,23500,1),(769,'id',1750,24500,1),(770,'id',2000,25500,1),(771,'id',2500,27500,1),(772,'id',3000,30000,1),(773,'id',3500,32000,1),(774,'id',4000,34000,1),(775,'id',4500,36000,1),(776,'id',5000,38000,1),(777,'id',5500,40000,1),(778,'id',6000,42000,1),(779,'id',6500,44000,1),(780,'id',7000,46000,1),(781,'id',7500,48000,1),(782,'id',8000,50000,1),(783,'id',8500,52000,1),(784,'id',9000,54000,1),(785,'id',9500,56000,1),(786,'id',10000,58500,1),(787,'id',10500,61500,1),(788,'id',11000,64000,1),(789,'id',11500,67000,1),(790,'id',12000,69500,1),(791,'id',12500,72000,1),(792,'id',13000,75000,1),(793,'id',13500,77500,1),(794,'id',14000,80500,1),(795,'id',14500,83000,1),(796,'id',15000,86000,1),(797,'id',15500,88500,1),(798,'id',16000,91500,1),(799,'id',16500,94000,1),(800,'id',17000,97000,1),(801,'id',17500,99500,1),(802,'id',18000,102000,1),(803,'id',18500,105000,1),(804,'id',19000,107500,1),(805,'id',19500,110500,1),(806,'id',20000,113000,1),(807,'id',20500,116000,1),(808,'id',21000,118500,1),(809,'id',21500,121500,1),(810,'id',22000,124000,1),(811,'id',22500,126500,1),(812,'id',23000,129500,1),(813,'id',23500,132000,1),(814,'id',24000,135000,1),(815,'id',24500,137500,1),(816,'id',25000,140500,1),(817,'id',25500,143000,1),(818,'id',26000,146000,1),(819,'id',26500,148500,1),(820,'id',27000,151500,1),(821,'id',27500,154000,1),(822,'id',28000,156500,1),(823,'id',28500,159500,1),(824,'id',29000,162000,1),(825,'id',29500,165000,1),(826,'id',30000,167500,1),(890,'my',500,17500,1),(891,'my',750,19000,1),(892,'my',1000,20500,1),(893,'my',1250,22000,1),(894,'my',1500,23500,1),(895,'my',1750,25000,1),(896,'my',2000,26500,1),(897,'my',2500,29000,1),(898,'my',3000,31500,1),(899,'my',3500,34000,1),(900,'my',4000,36500,1),(901,'my',4500,39000,1),(902,'my',5000,41500,1),(903,'my',5500,44000,1),(904,'my',6000,46500,1),(905,'my',6500,49000,1),(906,'my',7000,51500,1),(907,'my',7500,54500,1),(908,'my',8000,57000,1),(909,'my',8500,60000,1),(910,'my',9000,63000,1),(911,'my',9500,66000,1),(912,'my',10000,68500,1),(913,'my',10500,71500,1),(914,'my',11000,74500,1),(915,'my',11500,77500,1),(916,'my',12000,80000,1),(917,'my',12500,83000,1),(918,'my',13000,86000,1),(919,'my',13500,89000,1),(920,'my',14000,92000,1),(921,'my',14500,94500,1),(922,'my',15000,97500,1),(923,'my',15500,100500,1),(924,'my',16000,103500,1),(925,'my',16500,106000,1),(926,'my',17000,109000,1),(927,'my',17500,112000,1),(928,'my',18000,115000,1),(929,'my',18500,117500,1),(930,'my',19000,120500,1),(931,'my',19500,123500,1),(932,'my',20000,126500,1),(933,'my',20500,129500,1),(934,'my',21000,132000,1),(935,'my',21500,135000,1),(936,'my',22000,138000,1),(937,'my',22500,141000,1),(938,'my',23000,143500,1),(939,'my',23500,146500,1),(940,'my',24000,149500,1),(941,'my',24500,152500,1),(942,'my',25000,155000,1),(943,'my',25500,158000,1),(944,'my',26000,161000,1),(945,'my',26500,164000,1),(946,'my',27000,167000,1),(947,'my',27500,169500,1),(948,'my',28000,172500,1),(949,'my',28500,175500,1),(950,'my',29000,178500,1),(951,'my',29500,181000,1),(952,'my',30000,184000,1),(953,'nz',500,23500,1),(954,'nz',750,26000,1),(955,'nz',1000,28000,1),(956,'nz',1250,30500,1),(957,'nz',1500,32500,1),(958,'nz',1750,35000,1),(959,'nz',2000,37500,1),(960,'nz',2500,41500,1),(961,'nz',3000,45500,1),(962,'nz',3500,50000,1),(963,'nz',4000,54000,1),(964,'nz',4500,58500,1),(965,'nz',5000,62500,1),(966,'nz',5500,67000,1),(967,'nz',6000,71000,1),(968,'nz',6500,75500,1),(969,'nz',7000,80000,1),(970,'nz',7500,84000,1),(971,'nz',8000,88500,1),(972,'nz',8500,93000,1),(973,'nz',9000,97500,1),(974,'nz',9500,101500,1),(975,'nz',10000,106000,1),(976,'nz',10500,110500,1),(977,'nz',11000,115000,1),(978,'nz',11500,119000,1),(979,'nz',12000,123500,1),(980,'nz',12500,128000,1),(981,'nz',13000,132000,1),(982,'nz',13500,136500,1),(983,'nz',14000,141000,1),(984,'nz',14500,145500,1),(985,'nz',15000,149500,1),(986,'nz',15500,154000,1),(987,'nz',16000,158500,1),(988,'nz',16500,163000,1),(989,'nz',17000,167000,1),(990,'nz',17500,171500,1),(991,'nz',18000,176000,1),(992,'nz',18500,180500,1),(993,'nz',19000,184500,1),(994,'nz',19500,189000,1),(995,'nz',20000,193500,1),(996,'nz',20500,197500,1),(997,'nz',21000,202000,1),(998,'nz',21500,206500,1),(999,'nz',22000,211000,1),(1000,'nz',22500,215000,1),(1001,'nz',23000,219500,1),(1002,'nz',23500,224000,1),(1003,'nz',24000,228500,1),(1004,'nz',24500,232500,1),(1005,'nz',25000,237000,1),(1006,'nz',25500,241500,1),(1007,'nz',26000,246000,1),(1008,'nz',26500,250000,1),(1009,'nz',27000,254500,1),(1010,'nz',27500,259000,1),(1011,'nz',28000,263000,1),(1012,'nz',28500,267500,1),(1013,'nz',29000,272000,1),(1014,'nz',29500,276500,1),(1015,'nz',30000,280500,1),(1016,'ph',500,18500,1),(1017,'ph',750,19500,1),(1018,'ph',1000,20500,1),(1019,'ph',1250,21500,1),(1020,'ph',1500,23000,1),(1021,'ph',1750,24000,1),(1022,'ph',2000,25000,1),(1023,'ph',2500,26500,1),(1024,'ph',3000,28500,1),(1025,'ph',3500,30000,1),(1026,'ph',4000,32000,1),(1027,'ph',4500,33500,1),(1028,'ph',5000,35500,1),(1029,'ph',5500,37000,1),(1030,'ph',6000,39000,1),(1031,'ph',6500,40500,1),(1032,'ph',7000,42500,1),(1033,'ph',7500,44500,1),(1034,'ph',8000,46500,1),(1035,'ph',8500,48500,1),(1036,'ph',9000,50500,1),(1037,'ph',9500,53000,1),(1038,'ph',10000,55000,1),(1039,'ph',10500,57000,1),(1040,'ph',11000,59000,1),(1041,'ph',11500,61500,1),(1042,'ph',12000,63500,1),(1043,'ph',12500,65500,1),(1044,'ph',13000,67500,1),(1045,'ph',13500,69500,1),(1046,'ph',14000,72000,1),(1047,'ph',14500,74000,1),(1048,'ph',15000,76000,1),(1049,'ph',15500,78000,1),(1050,'ph',16000,80500,1),(1051,'ph',16500,82500,1),(1052,'ph',17000,84500,1),(1053,'ph',17500,86500,1),(1054,'ph',18000,88500,1),(1055,'ph',18500,91000,1),(1056,'ph',19000,93000,1),(1057,'ph',19500,95000,1),(1058,'ph',20000,97000,1),(1059,'ph',20500,99000,1),(1060,'ph',21000,101500,1),(1061,'ph',21500,103500,1),(1062,'ph',22000,105500,1),(1063,'ph',22500,107500,1),(1064,'ph',23000,110000,1),(1065,'ph',23500,112000,1),(1066,'ph',24000,114000,1),(1067,'ph',24500,116000,1),(1068,'ph',25000,118000,1),(1069,'ph',25500,120500,1),(1070,'ph',26000,122500,1),(1071,'ph',26500,124500,1),(1072,'ph',27000,126500,1),(1073,'ph',27500,129000,1),(1074,'ph',28000,131000,1),(1075,'ph',28500,133000,1),(1076,'ph',29000,135000,1),(1077,'ph',29500,137000,1),(1078,'ph',30000,139500,1),(1079,'sg',500,15000,1),(1080,'sg',750,16500,1),(1081,'sg',1000,18000,1),(1082,'sg',1250,19500,1),(1083,'sg',1500,21000,1),(1084,'sg',1750,22500,1),(1085,'sg',2000,24000,1),(1086,'sg',2500,26000,1),(1087,'sg',3000,28500,1),(1088,'sg',3500,30500,1),(1089,'sg',4000,33000,1),(1090,'sg',4500,35500,1),(1091,'sg',5000,37500,1),(1092,'sg',5500,40000,1),(1093,'sg',6000,42500,1),(1094,'sg',6500,44500,1),(1095,'sg',7000,47000,1),(1096,'sg',7500,49500,1),(1097,'sg',8000,51500,1),(1098,'sg',8500,54000,1),(1099,'sg',9000,56500,1),(1100,'sg',9500,58500,1),(1101,'sg',10000,61000,1),(1102,'sg',10500,63500,1),(1103,'sg',11000,65500,1),(1104,'sg',11500,68000,1),(1105,'sg',12000,70500,1),(1106,'sg',12500,72500,1),(1107,'sg',13000,75000,1),(1108,'sg',13500,77500,1),(1109,'sg',14000,79500,1),(1110,'sg',14500,82000,1),(1111,'sg',15000,84500,1),(1112,'sg',15500,86500,1),(1113,'sg',16000,89000,1),(1114,'sg',16500,91000,1),(1115,'sg',17000,93500,1),(1116,'sg',17500,96000,1),(1117,'sg',18000,98000,1),(1118,'sg',18500,100500,1),(1119,'sg',19000,103000,1),(1120,'sg',19500,105000,1),(1121,'sg',20000,107500,1),(1122,'sg',20500,110000,1),(1123,'sg',21000,112000,1),(1124,'sg',21500,114500,1),(1125,'sg',22000,117000,1),(1126,'sg',22500,119000,1),(1127,'sg',23000,121500,1),(1128,'sg',23500,124000,1),(1129,'sg',24000,126000,1),(1130,'sg',24500,128500,1),(1131,'sg',25000,131000,1),(1132,'sg',25500,133000,1),(1133,'sg',26000,135500,1),(1134,'sg',26500,138000,1),(1135,'sg',27000,140000,1),(1136,'sg',27500,142500,1),(1137,'sg',28000,145000,1),(1138,'sg',28500,147000,1),(1139,'sg',29000,149500,1),(1140,'sg',29500,151500,1),(1141,'sg',30000,154000,1),(1205,'tw',500,17500,1),(1206,'tw',750,18000,1),(1207,'tw',1000,19000,1),(1208,'tw',1250,20000,1),(1209,'tw',1500,21000,1),(1210,'tw',1750,21500,1),(1211,'tw',2000,22500,1),(1212,'tw',2500,24000,1),(1213,'tw',3000,25500,1),(1214,'tw',3500,27000,1),(1215,'tw',4000,28500,1),(1216,'tw',4500,29500,1),(1217,'tw',5000,31000,1),(1218,'tw',5500,32500,1),(1219,'tw',6000,34000,1),(1220,'tw',6500,36000,1),(1221,'tw',7000,37500,1),(1222,'tw',7500,39500,1),(1223,'tw',8000,41500,1),(1224,'tw',8500,43500,1),(1225,'tw',9000,45500,1),(1226,'tw',9500,47000,1),(1227,'tw',10000,49000,1),(1228,'tw',10500,51000,1),(1229,'tw',11000,53000,1),(1230,'tw',11500,54500,1),(1231,'tw',12000,56500,1),(1232,'tw',12500,58500,1),(1233,'tw',13000,60500,1),(1234,'tw',13500,62500,1),(1235,'tw',14000,64000,1),(1236,'tw',14500,66000,1),(1237,'tw',15000,68000,1),(1238,'tw',15500,70000,1),(1239,'tw',16000,72000,1),(1240,'tw',16500,73500,1),(1241,'tw',17000,75500,1),(1242,'tw',17500,77500,1),(1243,'tw',18000,79500,1),(1244,'tw',18500,81500,1),(1245,'tw',19000,83000,1),(1246,'tw',19500,85000,1),(1247,'tw',20000,87000,1),(1248,'tw',20500,89000,1),(1249,'tw',21000,91000,1),(1250,'tw',21500,92500,1),(1251,'tw',22000,94500,1),(1252,'tw',22500,96500,1),(1253,'tw',23000,98500,1),(1254,'tw',23500,100000,1),(1255,'tw',24000,102000,1),(1256,'tw',24500,104000,1),(1257,'tw',25000,106000,1),(1258,'tw',25500,108000,1),(1259,'tw',26000,109500,1),(1260,'tw',26500,111500,1),(1261,'tw',27000,113500,1),(1262,'tw',27500,115500,1),(1263,'tw',28000,117500,1),(1264,'tw',28500,119000,1),(1265,'tw',29000,121000,1),(1266,'tw',29500,123000,1),(1267,'tw',30000,125000,1),(1268,'th',500,18500,1),(1269,'th',750,20000,1),(1270,'th',1000,21000,1),(1271,'th',1250,22000,1),(1272,'th',1500,23000,1),(1273,'th',1750,24000,1),(1274,'th',2000,25000,1),(1275,'th',2500,27000,1),(1276,'th',3000,29000,1),(1277,'th',3500,31000,1),(1278,'th',4000,33000,1),(1279,'th',4500,34500,1),(1280,'th',5000,36500,1),(1281,'th',5500,38500,1),(1282,'th',6000,40500,1),(1283,'th',6500,42500,1),(1284,'th',7000,44000,1),(1285,'th',7500,46000,1),(1286,'th',8000,48500,1),(1287,'th',8500,51000,1),(1288,'th',9000,53000,1),(1289,'th',9500,55500,1),(1290,'th',10000,58000,1),(1291,'th',10500,60500,1),(1292,'th',11000,63000,1),(1293,'th',11500,65000,1),(1294,'th',12000,67500,1),(1295,'th',12500,70000,1),(1296,'th',13000,72500,1),(1297,'th',13500,74500,1),(1298,'th',14000,77000,1),(1299,'th',14500,79500,1),(1300,'th',15000,82000,1),(1301,'th',15500,84000,1),(1302,'th',16000,86500,1),(1303,'th',16500,89000,1),(1304,'th',17000,91500,1),(1305,'th',17500,94000,1),(1306,'th',18000,96000,1),(1307,'th',18500,98500,1),(1308,'th',19000,101000,1),(1309,'th',19500,103500,1),(1310,'th',20000,105500,1),(1311,'th',20500,108000,1),(1312,'th',21000,110500,1),(1313,'th',21500,113000,1),(1314,'th',22000,115500,1),(1315,'th',22500,117500,1),(1316,'th',23000,120000,1),(1317,'th',23500,122500,1),(1318,'th',24000,125000,1),(1319,'th',24500,127000,1),(1320,'th',25000,129500,1),(1321,'th',25500,132000,1),(1322,'th',26000,134500,1),(1323,'th',26500,136500,1),(1324,'th',27000,139000,1),(1325,'th',27500,141500,1),(1326,'th',28000,144000,1),(1327,'th',28500,146500,1),(1328,'th',29000,148500,1),(1329,'th',29500,151000,1),(1330,'th',30000,153500,1),(1457,'vn',500,17500,1),(1458,'vn',750,18000,1),(1459,'vn',1000,19000,1),(1460,'vn',1250,20000,1),(1461,'vn',1500,21000,1),(1462,'vn',1750,21500,1),(1463,'vn',2000,22500,1),(1464,'vn',2500,24000,1),(1465,'vn',3000,25500,1),(1466,'vn',3500,27000,1),(1467,'vn',4000,28500,1),(1468,'vn',4500,29500,1),(1469,'vn',5000,31000,1),(1470,'vn',5500,32500,1),(1471,'vn',6000,34000,1),(1472,'vn',6500,36000,1),(1473,'vn',7000,37500,1),(1474,'vn',7500,39500,1),(1475,'vn',8000,41500,1),(1476,'vn',8500,43500,1),(1477,'vn',9000,45500,1),(1478,'vn',9500,47000,1),(1479,'vn',10000,49000,1),(1480,'vn',10500,51000,1),(1481,'vn',11000,53000,1),(1482,'vn',11500,54500,1),(1483,'vn',12000,56500,1),(1484,'vn',12500,58500,1),(1485,'vn',13000,60500,1),(1486,'vn',13500,62500,1),(1487,'vn',14000,64000,1),(1488,'vn',14500,66000,1),(1489,'vn',15000,68000,1),(1490,'vn',15500,70000,1),(1491,'vn',16000,72000,1),(1492,'vn',16500,73500,1),(1493,'vn',17000,75500,1),(1494,'vn',17500,77500,1),(1495,'vn',18000,79500,1),(1496,'vn',18500,81500,1),(1497,'vn',19000,83000,1),(1498,'vn',19500,85000,1),(1499,'vn',20000,87000,1),(1500,'vn',20500,89000,1),(1501,'vn',21000,91000,1),(1502,'vn',21500,92500,1),(1503,'vn',22000,94500,1),(1504,'vn',22500,96500,1),(1505,'vn',23000,98500,1),(1506,'vn',23500,100000,1),(1507,'vn',24000,102000,1),(1508,'vn',24500,104000,1),(1509,'vn',25000,106000,1),(1510,'vn',25500,108000,1),(1511,'vn',26000,109500,1),(1512,'vn',26500,111500,1),(1513,'vn',27000,113500,1),(1514,'vn',27500,115500,1),(1515,'vn',28000,117500,1),(1516,'vn',28500,119000,1),(1517,'vn',29000,121000,1),(1518,'vn',29500,123000,1),(1519,'vn',30000,125000,1),(1520,'ad',1000000,0,4),(1521,'ae',1000000,0,4),(1522,'af',1000000,0,4),(1523,'ag',1000000,0,4),(1524,'ai',1000000,0,4),(1525,'al',1000000,0,4),(1526,'am',1000000,0,4),(1527,'ao',1000000,0,4),(1528,'aq',1000000,0,4),(1529,'ar',1000000,0,4),(1530,'as',1000000,0,4),(1531,'at',1000000,0,4),(1532,'au',1000000,0,4),(1533,'aw',1000000,0,4),(1534,'ax',1000000,0,4),(1535,'az',1000000,0,4),(1536,'ba',1000000,0,4),(1537,'bb',1000000,0,4),(1538,'bd',1000000,0,4),(1539,'be',1000000,0,4),(1540,'bf',1000000,0,4),(1541,'bg',1000000,0,4),(1542,'bh',1000000,0,4),(1543,'bi',1000000,0,4),(1544,'bj',1000000,0,4),(1545,'bl',1000000,0,4),(1546,'bm',1000000,0,4),(1547,'bn',1000000,0,4),(1548,'bo',1000000,0,4),(1549,'bq',1000000,0,4),(1550,'br',1000000,0,4),(1551,'bs',1000000,0,4),(1552,'bt',1000000,0,4),(1553,'bv',1000000,0,4),(1554,'bw',1000000,0,4),(1555,'by',1000000,0,4),(1556,'bz',1000000,0,4),(1558,'cc',1000000,0,4),(1559,'cd',1000000,0,4),(1560,'cf',1000000,0,4),(1561,'cg',1000000,0,4),(1562,'ch',1000000,0,4),(1563,'ci',1000000,0,4),(1564,'ck',1000000,0,4),(1565,'cl',1000000,0,4),(1566,'cm',1000000,0,4),(1567,'cn',1000000,0,4),(1568,'co',1000000,0,4),(1569,'cr',1000000,0,4),(1570,'cu',1000000,0,4),(1571,'cv',1000000,0,4),(1572,'cw',1000000,0,4),(1573,'cx',1000000,0,4),(1574,'cy',1000000,0,4),(1575,'cz',1000000,0,4),(1577,'dj',1000000,0,4),(1578,'dk',1000000,0,4),(1579,'dm',1000000,0,4),(1580,'do',1000000,0,4),(1581,'dz',1000000,0,4),(1582,'ec',1000000,0,4),(1583,'ee',1000000,0,4),(1584,'eg',1000000,0,4),(1585,'eh',1000000,0,4),(1586,'er',1000000,0,4),(1588,'et',1000000,0,4),(1589,'fi',1000000,0,4),(1590,'fj',1000000,0,4),(1591,'fk',1000000,0,4),(1592,'fm',1000000,0,4),(1593,'fo',1000000,0,4),(1594,'fr',1000000,0,4),(1595,'ga',1000000,0,4),(1597,'gd',1000000,0,4),(1598,'ge',1000000,0,4),(1599,'gf',1000000,0,4),(1600,'gg',1000000,0,4),(1601,'gh',1000000,0,4),(1602,'gi',1000000,0,4),(1603,'gl',1000000,0,4),(1604,'gm',1000000,0,4),(1605,'gn',1000000,0,4),(1606,'gp',1000000,0,4),(1607,'gq',1000000,0,4),(1608,'gr',1000000,0,4),(1609,'gs',1000000,0,4),(1610,'gt',1000000,0,4),(1611,'gu',1000000,0,4),(1612,'gw',1000000,0,4),(1613,'gy',1000000,0,4),(1614,'hk',1000000,0,4),(1615,'hm',1000000,0,4),(1616,'hn',1000000,0,4),(1617,'hr',1000000,0,4),(1618,'ht',1000000,0,4),(1619,'hu',1000000,0,4),(1620,'id',1000000,0,4),(1621,'ie',1000000,0,4),(1622,'il',1000000,0,4),(1623,'im',1000000,0,4),(1625,'io',1000000,0,4),(1626,'iq',1000000,0,4),(1627,'ir',1000000,0,4),(1628,'is',1000000,0,4),(1629,'it',1000000,0,4),(1630,'je',1000000,0,4),(1631,'jm',1000000,0,4),(1632,'jo',1000000,0,4),(1634,'ke',1000000,0,4),(1635,'kg',1000000,0,4),(1636,'kh',1000000,0,4),(1637,'ki',1000000,0,4),(1638,'km',1000000,0,4),(1639,'kn',1000000,0,4),(1640,'kp',1000000,0,4),(1641,'kr',1000000,0,4),(1642,'kw',1000000,0,4),(1643,'ky',1000000,0,4),(1644,'kz',1000000,0,4),(1645,'la',1000000,0,4),(1646,'lb',1000000,0,4),(1647,'lc',1000000,0,4),(1648,'li',1000000,0,4),(1649,'lk',1000000,0,4),(1650,'lr',1000000,0,4),(1651,'ls',1000000,0,4),(1652,'lt',1000000,0,4),(1653,'lu',1000000,0,4),(1654,'lv',1000000,0,4),(1655,'ly',1000000,0,4),(1656,'ma',1000000,0,4),(1657,'mc',1000000,0,4),(1658,'md',1000000,0,4),(1659,'me',1000000,0,4),(1660,'mf',1000000,0,4),(1661,'mg',1000000,0,4),(1662,'mh',1000000,0,4),(1663,'mk',1000000,0,4),(1664,'ml',1000000,0,4),(1665,'mm',1000000,0,4),(1666,'mn',1000000,0,4),(1667,'mo',1000000,0,4),(1668,'mp',1000000,0,4),(1669,'mq',1000000,0,4),(1670,'mr',1000000,0,4),(1671,'ms',1000000,0,4),(1672,'mt',1000000,0,4),(1673,'mu',1000000,0,4),(1674,'mv',1000000,0,4),(1675,'mw',1000000,0,4),(1676,'mx',1000000,0,4),(1677,'my',1000000,0,4),(1678,'mz',1000000,0,4),(1679,'na',1000000,0,4),(1680,'nc',1000000,0,4),(1681,'ne',1000000,0,4),(1682,'nf',1000000,0,4),(1683,'ng',1000000,0,4),(1684,'ni',1000000,0,4),(1685,'nl',1000000,0,4),(1686,'no',1000000,0,4),(1687,'np',1000000,0,4),(1688,'nr',1000000,0,4),(1689,'nu',1000000,0,4),(1690,'nz',1000000,0,4),(1691,'om',1000000,0,4),(1692,'pa',1000000,0,4),(1693,'pe',1000000,0,4),(1694,'pf',1000000,0,4),(1695,'pg',1000000,0,4),(1696,'ph',1000000,0,4),(1697,'pk',1000000,0,4),(1699,'pm',1000000,0,4),(1700,'pn',1000000,0,4),(1701,'pr',1000000,0,4),(1702,'ps',1000000,0,4),(1703,'pt',1000000,0,4),(1704,'pw',1000000,0,4),(1705,'py',1000000,0,4),(1706,'qa',1000000,0,4),(1707,'re',1000000,0,4),(1708,'ro',1000000,0,4),(1709,'rs',1000000,0,4),(1711,'rw',1000000,0,4),(1712,'sa',1000000,0,4),(1713,'sb',1000000,0,4),(1714,'sc',1000000,0,4),(1715,'sd',1000000,0,4),(1716,'se',1000000,0,4),(1717,'sg',1000000,0,4),(1718,'sh',1000000,0,4),(1719,'si',1000000,0,4),(1720,'sj',1000000,0,4),(1721,'sk',1000000,0,4),(1722,'sl',1000000,0,4),(1723,'sm',1000000,0,4),(1724,'sn',1000000,0,4),(1725,'so',1000000,0,4),(1726,'sr',1000000,0,4),(1727,'ss',1000000,0,4),(1728,'st',1000000,0,4),(1729,'sv',1000000,0,4),(1730,'sx',1000000,0,4),(1731,'sy',1000000,0,4),(1732,'sz',1000000,0,4),(1733,'tc',1000000,0,4),(1734,'td',1000000,0,4),(1735,'tf',1000000,0,4),(1736,'tg',1000000,0,4),(1737,'th',1000000,0,4),(1738,'tj',1000000,0,4),(1739,'tk',1000000,0,4),(1740,'tl',1000000,0,4),(1741,'tm',1000000,0,4),(1742,'tn',1000000,0,4),(1743,'to',1000000,0,4),(1744,'tr',1000000,0,4),(1745,'tt',1000000,0,4),(1746,'tv',1000000,0,4),(1747,'tw',1000000,0,4),(1748,'tz',1000000,0,4),(1749,'ua',1000000,0,4),(1750,'ug',1000000,0,4),(1751,'um',1000000,0,4),(1753,'uy',1000000,0,4),(1754,'uz',1000000,0,4),(1755,'va',1000000,0,4),(1756,'vc',1000000,0,4),(1757,'ve',1000000,0,4),(1758,'vg',1000000,0,4),(1759,'vi',1000000,0,4),(1760,'vn',1000000,0,4),(1761,'vu',1000000,0,4),(1762,'wf',1000000,0,4),(1763,'ws',1000000,0,4),(1764,'ye',1000000,0,4),(1765,'yt',1000000,0,4),(1766,'za',1000000,0,4),(1767,'zm',1000000,0,4),(1768,'zw',1000000,0,4),(1770,'kz',1000000,0,3),(1771,'ru',500,33150,1),(1772,'ru',750,36470,1),(1773,'ru',1000,39800,1),(1774,'ru',1250,43120,1),(1775,'ru',1500,46450,1),(1776,'ru',1750,50270,1),(1777,'ru',2000,53600,1),(1778,'ru',2500,59250,1),(1779,'ru',3000,64400,1),(1780,'ru',3500,70050,1),(1781,'ru',4000,75700,1),(1782,'ru',4500,81350,1),(1783,'ru',5000,87000,1),(1784,'ru',5500,92150,1),(1785,'ru',6000,97800,1),(1786,'ru',6500,103450,1),(1787,'ru',7000,109100,1),(1788,'ru',7500,114250,1),(1789,'ru',8000,119900,1),(1790,'ru',8500,125550,1),(1791,'ru',9000,131200,1),(1792,'ru',9500,136850,1),(1793,'ru',10000,141500,1),(1794,'ru',10500,146150,1),(1795,'ru',11000,151300,1),(1796,'ru',11500,155950,1),(1797,'ru',12000,160600,1),(1798,'ru',12500,165750,1),(1799,'ru',13000,170400,1),(1800,'ru',13500,175050,1),(1801,'ru',14000,179700,1),(1802,'ru',14500,184850,1),(1803,'ru',15000,189500,1),(1804,'ru',15500,194150,1),(1805,'ru',16000,199300,1),(1806,'ru',16500,203950,1),(1807,'ru',17000,208600,1),(1808,'ru',17500,213750,1),(1809,'ru',18000,218400,1),(1810,'ru',18500,223050,1),(1811,'ru',19000,228200,1),(1812,'ru',19500,232850,1),(1813,'ru',20000,237500,1),(1814,'ru',20500,242150,1),(1815,'ru',21000,247300,1),(1816,'ru',21500,251950,1),(1817,'ru',22000,256600,1),(1818,'ru',22500,261750,1),(1819,'ru',23000,266400,1),(1820,'ru',23500,271050,1),(1821,'ru',24000,276200,1),(1822,'ru',24500,280850,1),(1823,'ru',25000,285500,1),(1824,'ru',25500,290650,1),(1825,'ru',26000,295300,1),(1826,'ru',26500,299950,1),(1827,'ru',27000,304600,1),(1828,'ru',27500,309750,1),(1829,'ru',28000,314400,1),(1830,'ru',28500,319050,1),(1831,'ru',29000,324200,1),(1832,'ru',29500,328850,1),(1833,'ru',30000,333500,1),(1834,'jp',500,24100,1),(1835,'jp',750,25400,1),(1836,'jp',1000,26700,1),(1837,'jp',1250,29000,1),(1838,'jp',1500,30300,1),(1839,'jp',1750,33100,1),(1840,'jp',2000,35400,1),(1841,'jp',2500,37500,1),(1842,'jp',3000,40100,1),(1843,'jp',3500,42200,1),(1844,'jp',4000,44800,1),(1845,'jp',4500,46900,1),(1846,'jp',5000,49000,1),(1847,'jp',5500,51600,1),(1848,'jp',6000,53700,1),(1849,'jp',6500,56300,1),(1850,'jp',7000,58400,1),(1851,'jp',7500,60500,1),(1852,'jp',8000,63100,1),(1853,'jp',8500,65200,1),(1854,'jp',9000,67800,1),(1855,'jp',9500,69900,1),(1856,'jp',10000,72000,1),(1857,'jp',10500,74600,1),(1858,'jp',11000,76700,1),(1859,'jp',11500,76300,1),(1860,'jp',12000,81400,1),(1861,'jp',12500,84000,1),(1862,'jp',13000,86100,1),(1863,'jp',13500,87700,1),(1864,'jp',14000,90300,1),(1865,'jp',14500,92400,1),(1866,'jp',15000,94500,1),(1867,'jp',15500,96600,1),(1868,'jp',16000,98700,1),(1869,'jp',16500,100800,1),(1870,'jp',17000,102900,1),(1871,'jp',17500,105000,1),(1872,'jp',18000,107100,1),(1873,'jp',18500,109200,1),(1874,'jp',19000,111300,1),(1875,'jp',19500,113400,1),(1876,'jp',20000,115500,1),(1877,'jp',20500,117600,1),(1878,'jp',21000,119700,1),(1879,'jp',21500,121800,1),(1880,'jp',22000,123900,1),(1881,'jp',22500,126000,1),(1882,'jp',23000,128100,1),(1883,'jp',23500,130200,1),(1884,'jp',24000,132300,1),(1885,'jp',24500,134400,1),(1886,'jp',25000,136500,1),(1887,'jp',25500,138600,1),(1888,'jp',26000,140700,1),(1889,'jp',26500,142800,1),(1890,'jp',27000,144900,1),(1891,'jp',27500,147000,1),(1892,'jp',28000,149100,1),(1893,'jp',28500,151200,1),(1894,'jp',29000,153300,1),(1895,'jp',29500,155400,1),(1896,'jp',30000,157500,1),(1897,'us',500,28600,1),(1898,'us',750,33150,1),(1899,'us',1000,37700,1),(1900,'us',1250,42250,1),(1901,'us',1500,46800,1),(1902,'us',1750,51350,1),(1903,'us',2000,55900,1),(1904,'us',2500,65000,1),(1905,'us',3000,73600,1),(1906,'us',3500,82700,1),(1907,'us',4000,91300,1),(1908,'us',4500,100400,1),(1909,'us',5000,109000,1),(1910,'us',5500,118100,1),(1911,'us',6000,127200,1),(1912,'us',6500,135800,1),(1913,'us',7000,144900,1),(1914,'us',7500,153500,1),(1915,'us',8000,162600,1),(1916,'us',8500,171200,1),(1917,'us',9000,180300,1),(1918,'us',9500,189400,1),(1919,'us',10000,198000,1),(1920,'us',10500,207100,1),(1921,'us',11000,215700,1),(1922,'us',11500,224800,1),(1923,'us',12000,233900,1),(1924,'us',12500,242500,1),(1925,'us',13000,251600,1),(1926,'us',13500,260200,1),(1927,'us',14000,269300,1),(1928,'us',14500,277900,1),(1929,'us',15000,287000,1),(1930,'us',15500,296100,1),(1931,'us',16000,304700,1),(1932,'us',16500,313800,1),(1933,'us',17000,322400,1),(1934,'us',17500,331500,1),(1935,'us',18000,340100,1),(1936,'us',18500,249200,1),(1937,'us',19000,358300,1),(1938,'us',19500,366900,1),(1939,'us',20000,379000,1),(1940,'us',20500,384600,1),(1941,'us',21000,393700,1),(1942,'us',21500,402300,1),(1943,'us',22000,411400,1),(1944,'us',22500,420500,1),(1945,'us',23000,429100,1),(1946,'us',23500,438200,1),(1947,'us',24000,446800,1),(1948,'us',24500,455900,1),(1949,'us',25000,465000,1),(1950,'us',25500,473600,1),(1951,'us',26000,482700,1),(1952,'us',26500,491300,1),(1953,'us',27000,500400,1),(1954,'us',27500,509000,1),(1955,'us',28000,518100,1),(1956,'us',28500,527200,1),(1957,'us',29000,535800,1),(1958,'us',29500,544900,1),(1959,'us',30000,553500,1),(1960,'ca',500,31050,1),(1961,'ca',750,34070,1),(1962,'ca',1000,37100,1),(1963,'ca',1250,40120,1),(1964,'ca',1500,43150,1),(1965,'ca',1750,46670,1),(1966,'ca',2000,49700,1),(1967,'ca',2500,55750,1),(1968,'ca',3000,61300,1),(1969,'ca',3500,67350,1),(1970,'ca',4000,73400,1),(1971,'ca',4500,78950,1),(1972,'ca',5000,85000,1),(1973,'ca',5500,91050,1),(1974,'ca',6000,96600,1),(1975,'ca',6500,103150,1),(1976,'ca',7000,109200,1),(1977,'ca',7500,115250,1),(1978,'ca',8000,121800,1),(1979,'ca',8500,127850,1),(1980,'ca',9000,134400,1),(1981,'ca',9500,140450,1),(1982,'ca',10000,146500,1),(1983,'ca',10500,153050,1),(1984,'ca',11000,159100,1),(1985,'ca',11500,165650,1),(1986,'ca',12000,171700,1),(1987,'ca',12500,177750,1),(1988,'ca',13000,184300,1),(1989,'ca',13500,190350,1),(1990,'ca',14000,196900,1),(1991,'ca',14500,202950,1),(1992,'ca',15000,209500,1),(1993,'ca',15500,215550,1),(1994,'ca',16000,221600,1),(1995,'ca',16500,228150,1),(1996,'ca',17000,234200,1),(1997,'ca',17500,240750,1),(1998,'ca',18000,246800,1),(1999,'ca',18500,252850,1),(2000,'ca',19000,259400,1),(2001,'ca',19500,265450,1),(2002,'ca',20000,272000,1),(2003,'ca',20500,278050,1),(2004,'ca',21000,284100,1),(2005,'ca',21500,290650,1),(2006,'ca',22000,296700,1),(2007,'ca',22500,303250,1),(2008,'ca',23000,309300,1),(2009,'ca',23500,315350,1),(2010,'ca',24000,321900,1),(2011,'ca',24500,327950,1),(2012,'ca',25000,334500,1),(2013,'ca',25500,340550,1),(2014,'ca',26000,346600,1),(2015,'ca',26500,353150,1),(2016,'ca',27000,359200,1),(2017,'ca',27500,365750,1),(2018,'ca',28000,371800,1),(2019,'ca',28500,378350,1),(2020,'ca',29000,384400,1),(2021,'ca',29500,390450,1),(2022,'ca',30000,397000,1),(2023,'de',500,31950,1),(2024,'de',750,35170,1),(2025,'de',1000,37900,1),(2026,'de',1250,40620,1),(2027,'de',1500,43350,1),(2028,'de',1750,46070,1),(2029,'de',2000,49300,1),(2030,'de',2500,54250,1),(2031,'de',3000,59200,1),(2032,'de',3500,64150,1),(2033,'de',4000,69600,1),(2034,'de',4500,74550,1),(2035,'de',5000,79500,1),(2036,'de',5500,84450,1),(2037,'de',6000,89900,1),(2038,'de',6500,94850,1),(2039,'de',7000,100300,1),(2040,'de',7500,106250,1),(2041,'de',8000,111700,1),(2042,'de',8500,117650,1),(2043,'de',9000,123100,1),(2044,'de',9500,128550,1),(2045,'de',10000,134500,1),(2046,'de',10500,139950,1),(2047,'de',11000,145900,1),(2048,'de',11500,151350,1),(2049,'de',12000,157300,1),(2050,'de',12500,162750,1),(2051,'de',13000,168200,1),(2052,'de',13500,174150,1),(2053,'de',14000,179600,1),(2054,'de',14500,185550,1),(2055,'de',15000,191000,1),(2056,'de',15500,196950,1),(2057,'de',16000,202400,1),(2058,'de',16500,208350,1),(2059,'de',17000,213800,1),(2060,'de',17500,219250,1),(2061,'de',18000,225200,1),(2062,'de',18500,230650,1),(2063,'de',19000,236600,1),(2064,'de',19500,242050,1),(2065,'de',20000,248000,1),(2066,'de',20500,253450,1),(2067,'de',21000,258900,1),(2068,'de',21500,264850,1),(2069,'de',22000,270300,1),(2070,'de',22500,276250,1),(2071,'de',23000,281700,1),(2072,'de',23500,287650,1),(2073,'de',24000,293100,1),(2074,'de',24500,299050,1),(2075,'de',25000,304500,1),(2076,'de',25500,309950,1),(2077,'de',26000,315900,1),(2078,'de',26500,321350,1),(2079,'de',27000,327300,1),(2080,'de',27500,332750,1),(2081,'de',28000,338700,1),(2082,'de',28500,344150,1),(2083,'de',29000,349600,1),(2084,'de',29500,355550,1),(2085,'de',30000,361000,1),(2086,'gb',500,34300,1),(2087,'gb',750,36950,1),(2088,'gb',1000,39600,1),(2089,'gb',1250,42250,1),(2090,'gb',1500,44900,1),(2091,'gb',1750,47050,1),(2092,'gb',2000,49700,1),(2093,'gb',2500,54500,1),(2094,'gb',3000,59300,1),(2095,'gb',3500,64100,1),(2096,'gb',4000,68900,1),(2097,'gb',4500,73700,1),(2098,'gb',5000,78500,1),(2099,'gb',5500,82800,1),(2100,'gb',6000,87600,1),(2101,'gb',6500,93400,1),(2102,'gb',7000,98700,1),(2103,'gb',7500,104000,1),(2104,'gb',8000,109800,1),(2105,'gb',8500,115100,1),(2106,'gb',9000,120900,1),(2107,'gb',9500,126200,1),(2108,'gb',10000,131500,1),(2109,'gb',10500,137300,1),(2110,'gb',11000,142600,1),(2111,'gb',11500,147900,1),(2112,'gb',12000,153700,1),(2113,'gb',12500,159000,1),(2114,'gb',13000,164800,1),(2115,'gb',13500,170100,1),(2116,'gb',14000,175400,1),(2117,'gb',14500,181200,1),(2118,'gb',15000,186500,1),(2119,'gb',15500,191800,1),(2120,'gb',16000,197600,1),(2121,'gb',16500,202900,1),(2122,'gb',17000,208700,1),(2123,'gb',17500,214000,1),(2124,'gb',18000,219300,1),(2125,'gb',18500,225100,1),(2126,'gb',19000,230400,1),(2127,'gb',19500,235700,1),(2128,'gb',20000,241500,1),(2129,'gb',20500,246800,1),(2130,'gb',21000,252600,1),(2131,'gb',21500,257900,1),(2132,'gb',22000,263200,1),(2133,'gb',22500,269000,1),(2134,'gb',23000,274300,1),(2135,'gb',23500,279600,1),(2136,'gb',24000,285400,1),(2137,'gb',24500,290700,1),(2138,'gb',25000,296500,1),(2139,'gb',25500,301800,1),(2140,'gb',26000,307100,1),(2141,'gb',26500,312900,1),(2142,'gb',27000,318200,1),(2143,'gb',27500,323500,1),(2144,'gb',28000,329300,1),(2145,'gb',28500,334600,1),(2146,'gb',29000,340400,1),(2147,'gb',29500,345700,1),(2148,'gb',30000,351000,1),(2149,'es',500,29750,1),(2150,'es',750,32370,1),(2151,'es',1000,35000,1),(2152,'es',1250,38120,1),(2153,'es',1500,40750,1),(2154,'es',1750,43870,1),(2155,'es',2000,46500,1),(2156,'es',2500,51750,1),(2157,'es',3000,57000,1),(2158,'es',3500,62250,1),(2159,'es',4000,67500,1),(2160,'es',4500,73250,1),(2161,'es',5000,79000,1),(2162,'es',5500,84750,1),(2163,'es',6000,90500,1),(2164,'es',6500,96250,1),(2165,'es',7000,102000,1),(2166,'es',7500,107250,1),(2167,'es',8000,113000,1),(2168,'es',8500,118750,1),(2169,'es',9000,124500,1),(2170,'es',9500,13250,1),(2171,'es',10000,136000,1),(2172,'es',10500,141250,1),(2173,'es',11000,147000,1),(2174,'es',11500,152750,1),(2175,'es',12000,158500,1),(2176,'es',12500,164250,1),(2177,'es',13000,170000,1),(2178,'es',13500,175750,1),(2179,'es',14000,181000,1),(2180,'es',14500,186750,1),(2181,'es',15000,192500,1),(2182,'es',15500,198250,1),(2183,'es',16000,204000,1),(2184,'es',16500,209750,1),(2185,'es',17000,215000,1),(2186,'es',17500,220750,1),(2187,'es',18000,226500,1),(2188,'es',18500,232250,1),(2189,'es',19000,238000,1),(2190,'es',19500,243750,1),(2191,'es',20000,249500,1),(2192,'in',500,21950,1),(2193,'in',750,24170,1),(2194,'in',1000,26400,1),(2195,'in',1250,28620,1),(2196,'in',1500,30850,1),(2197,'in',1750,33070,1),(2198,'in',2000,35300,1),(2199,'in',2500,39250,1),(2200,'in',3000,43700,1),(2201,'in',3500,47650,1),(2202,'in',4000,52100,1),(2203,'in',4500,56050,1),(2204,'in',5000,60500,1),(2205,'in',5500,64450,1),(2206,'in',6000,68400,1),(2207,'in',6500,72850,1),(2208,'in',7000,76800,1),(2209,'in',7500,81250,1),(2210,'in',8000,84200,1),(2211,'in',8500,90650,1),(2212,'in',9000,96600,1),(2213,'in',9500,103050,1),(2214,'in',10000,109500,1),(2215,'in',10500,115450,1),(2216,'in',11000,121900,1),(2217,'in',11500,128350,1),(2218,'in',12000,134300,1),(2219,'in',12500,140750,1),(2220,'in',13000,146700,1),(2221,'in',13500,153150,1),(2222,'in',14000,159600,1),(2223,'in',14500,16550,1),(2224,'in',15000,172000,1),(2225,'in',15500,178450,1),(2226,'in',16000,184400,1),(2227,'in',16500,190850,1),(2228,'in',17000,197300,1),(2229,'in',17500,203250,1),(2230,'in',18000,209700,1),(2231,'in',18500,215650,1),(2232,'in',19000,222100,1),(2233,'in',19500,228550,1),(2234,'in',20000,234500,1),(2235,'in',20500,240950,1),(2236,'in',21000,247400,1),(2237,'in',21500,253350,1),(2238,'in',22000,259800,1),(2239,'in',22500,265750,1),(2240,'in',23000,272200,1),(2241,'in',23500,278650,1),(2242,'in',24000,284600,1),(2243,'in',24500,291050,1),(2244,'in',25000,297500,1),(2245,'in',25500,303450,1),(2246,'in',26000,309900,1),(2247,'in',26500,316350,1),(2248,'in',27000,322300,1),(2249,'in',27500,328750,1),(2250,'in',28000,334700,1),(2251,'in',28500,341150,1),(2252,'in',29000,347600,1),(2253,'in',29500,353550,1),(2254,'in',30000,360000,1),(2255,'pl',500,32000,1),(2256,'pl',750,34750,1),(2257,'pl',1000,37500,1),(2258,'pl',1250,40250,1),(2259,'pl',1500,43000,1),(2260,'pl',1750,45750,1),(2261,'pl',2000,48500,1),(2262,'pl',2500,54000,1),(2263,'pl',3000,59000,1),(2264,'pl',3500,64500,1),(2265,'pl',4000,70000,1),(2266,'pl',4500,75000,1),(2267,'pl',5000,80500,1),(2268,'pl',5500,85500,1),(2269,'pl',6000,91000,1),(2270,'pl',6500,97500,1),(2271,'pl',7000,104000,1),(2272,'pl',7500,110500,1),(2273,'pl',8000,117000,1),(2274,'pl',8500,123000,1),(2275,'pl',9000,129500,1),(2276,'pl',9500,136000,1),(2277,'pl',10000,142500,1),(2278,'pl',10500,149000,1),(2279,'pl',11000,155500,1),(2280,'pl',11500,162000,1),(2281,'pl',12000,168500,1),(2282,'pl',12500,175000,1),(2283,'pl',13000,181500,1),(2284,'pl',13500,188000,1),(2285,'pl',14000,194500,1),(2286,'pl',14500,201000,1),(2287,'pl',15000,207000,1),(2288,'pl',15500,213500,1),(2289,'pl',16000,220000,1),(2290,'pl',16500,226500,1),(2291,'pl',17000,233000,1),(2292,'pl',17500,239500,1),(2293,'pl',18000,246000,1),(2294,'pl',18500,252500,1),(2295,'pl',19000,259000,1),(2296,'pl',19500,265500,1),(2297,'pl',20000,272000,1),(2299,'ru',1000,12000,2),(2300,'ru',2000,18500,2),(2301,'ru',4000,24500,2),(2302,'ru',6000,30500,2),(2303,'ru',8000,37000,2),(2304,'ru',10000,43000,2),(2305,'ru',12000,49000,2),(2306,'ru',14000,55500,2),(2307,'ru',16000,61500,2),(2308,'ru',18000,67500,2),(2309,'ru',20000,74000,2);
/*!40000 ALTER TABLE `shipping_rates` ENABLE KEYS */;
UNLOCK TABLES;
/*!40103 SET TIME_ZONE=@OLD_TIME_ZONE */;

/*!40101 SET SQL_MODE=@OLD_SQL_MODE */;
/*!40014 SET FOREIGN_KEY_CHECKS=@OLD_FOREIGN_KEY_CHECKS */;
/*!40014 SET UNIQUE_CHECKS=@OLD_UNIQUE_CHECKS */;
/*!40101 SET CHARACTER_SET_CLIENT=@OLD_CHARACTER_SET_CLIENT */;
/*!40101 SET CHARACTER_SET_RESULTS=@OLD_CHARACTER_SET_RESULTS */;
/*!40101 SET COLLATION_CONNECTION=@OLD_COLLATION_CONNECTION */;
/*!40111 SET SQL_NOTES=@OLD_SQL_NOTES */;

-- Dump completed on 2021-01-19 17:20:17
